user_id,days_active,retained_30_days
3c4f7a2f-1274-4d17-8ee0-cda320a03fdc,20,0
b8a66df8-0d2b-47cc-b631-0c360e903353,19,0
d3c9b23f-d13f-4b80-979a-f613419ec074,14,0
466374db-3957-4d91-af2e-d59caa67b606,19,0
c36895e6-d58c-48f3-9e91-cece30bcff71,15,0
b5dada0f-2ce0-4c95-9658-55e06946ec18,22,0
fd24b500-fbec-4d1c-b3a4-72030e9d94c6,20,0
204fe2c6-1387-4c99-8c09-e8c34809c9d5,23,0
56c04fc4-cbae-4b04-aaf7-13f61d9c0c15,16,0
38cc6ce6-1915-4902-a642-6c49bd2164de,19,0
fd9e9458-b84b-4598-94e9-bc5eefee0ba1,12,0
16129b3a-17d6-4c68-ae5a-0f5d34d95131,21,0
44868a2a-6a6f-46d6-a190-16506c6d7b0f,16,0
60d4580d-87fa-48f2-8439-7680f74d342f,24,0
aa3a7fbe-286f-484b-8b30-199dc9c77e37,16,0
dd25d0d9-2715-438d-b79e-2a8d41dc82b9,16,0
d2bf1471-3bac-435f-9db3-bbe86c8a6670,20,0
31c38812-4342-4b6f-92d0-73eac050bab8,17,0
0e65d3c0-fc03-451c-b20d-7e5bb1a144d7,24,0
506c439d-2bfc-4107-ae45-9805469b89dd,20,0
4c13cf51-b23f-404c-986e-18494815623e,20,0
ccbdbfa1-3660-4db9-8721-86df5507ca1e,15,0
01f4082c-38bc-486d-a31c-9dc2cac83df5,28,0
f6d9f6bb-bc32-49ea-b062-2558ff4cbec4,15,0
8a21a644-bab4-43d5-bad3-54056be04ab2,24,0
e951f78e-b433-49c5-a7b6-a9d91abb8418,16,0
24667fa9-7bd5-43a5-88e2-cf2051221ad3,20,0
5cfffd88-ccbd-4b8a-ad1b-9f4887e1197e,12,0
42f949ac-6679-4a17-889f-10e45506ce66,22,0
017cd7c9-e0b3-4c31-85a1-eabefe0f9cef,20,0
dad4c52a-3ccc-4ec3-abe8-36bc3a55ed1f,24,0
b4e0433e-3b67-4797-98b2-f60c698c4c71,16,0
68a94868-7d29-4615-aab7-5768e216e75e,17,0
4ef7d48b-f7c1-4b86-b677-97559b7b1cc5,11,0
2fb54012-cecf-425f-9e4b-036d5868e5a1,26,0
7483b709-4249-4ee2-8464-168bc49a7e63,18,0
f8bda299-bbc9-49a1-b556-da45fabe509b,25,0
f553eb29-03ab-4373-9cee-968c13776f41,18,0
0ba037b6-e552-4e35-b978-1e50108dfb92,21,0
dedb2759-961f-4883-9421-a9ef026255ff,28,0
d6690f74-dadf-4731-8eb2-7bc58197a8ed,19,0
9b5861ab-d195-4659-a2cf-a8bef912cd1e,22,0
a4f226d0-1d47-4cd2-81a0-8d76ec16be3c,28,0
561bd7db-5455-4888-b27c-d93768afda45,13,0
6e1c3d79-14f0-49a2-b452-50a5c40ce6ef,14,0
b84e638d-f400-4c81-b447-4d8e0106433c,19,0
6b919528-b8bd-4dcc-b410-6847266b73ef,28,0
92008dd6-d9a4-4c24-8af9-e63b91650741,17,0
e3802dc5-0ecf-46d3-bb94-0b42096bfa66,16,0
083855a5-33b9-48d2-8560-fd46990fa4cf,21,0
75f44518-b64d-4a95-ba2a-653be44aa9d3,19,0
41505749-0e7f-409f-b1de-4254c9f5668d,27,0
246f60f7-822f-4d2c-98b6-e8c636bd07ac,21,0
983126df-ad82-405b-a329-4511d92e8324,24,0
6134f459-0fa1-4883-b1ef-17c97bb3be47,23,0
d027a030-bab4-442e-8c6b-7d495b18c2f4,21,0
1613ceba-fa57-4798-9bf6-15cc1f5e5013,20,0
4521d9fa-545f-4a1f-96cc-b3fc8fac2e47,21,0
1a1b6b25-5db6-4c17-95f7-7b7bad2170a7,21,0
9740abdf-5414-4a87-a199-f3f832d2b04e,16,0
51b55660-2c12-4a25-b5be-1569ff1bde04,13,0
876ad494-1494-49c6-9a4c-4fa0a0f0021b,26,0
f588ab43-cc5f-4692-8152-c05e30ead7df,19,0
765fb854-a27c-4b54-a7ba-b54e2f066f88,20,0
e19eae08-2ace-4385-8711-e81cd8cdd3ae,27,0
a21bcff3-596e-4472-8c93-0a2b19c35f4c,27,0
c12538cb-2aa8-42af-b956-49ff97f78b7b,22,0
3a195f09-6083-40c5-aa08-fbe7e70af122,23,0
ae6ac1da-206e-42ab-8fe1-f44b79399f1f,25,0
842c77e8-e070-488f-a140-8602242e8177,13,0
d71bd8d4-51da-40cf-b4ca-6be0bd3ea09a,20,0
90f32ea4-de73-4f5a-8791-0db59fb83e82,12,0
1620cd5c-9374-408e-8df1-2a8d2ab0b596,17,0
e2ad7faf-f7df-417b-815d-078c8373425b,20,0
334156bb-b766-4df3-bf30-a20a1ad01952,17,0
998d374a-f741-49bb-a6d9-9dd6c6e90489,29,0
fa37302d-8b04-4cc8-b333-a3579794d795,17,0
99634f1c-0ac8-4838-ac10-abaefaa51d62,24,0
7685d0c9-30bb-4588-8c49-03fbaceb6a9a,20,0
7d5203ab-9b59-43eb-b092-4fbb3a7a3d2f,14,0
053bd943-5d33-48f9-987d-0bd4ba48e610,19,0
be6497a1-62d4-41c6-955b-a49f74373ce2,16,0
d11653f9-2518-4e29-abd1-11d83c81dafd,13,0
e07b0de0-e653-4236-bbc9-837112066e88,17,0
2e94552f-78e0-4d1f-a67e-7ba7690a5fe6,16,0
5003e3bb-a661-4fff-afd7-7b1631bf3222,17,0
321d09de-d8f1-40e4-b90a-589af76de4bc,21,0
13429b1f-e84c-4629-9f8e-35ffbd8892fc,19,0
d788bbb3-4ece-450f-99d9-11e822002ffe,23,0
937b46f0-d7ad-4e7f-8999-85c086a55c66,11,0
499c0153-1f5d-41ca-9a70-0647a2cf7575,19,0
4aaef96d-bca3-4fb3-bea0-6193b8a56e8b,18,0
d8ec7459-7168-45a1-a795-e738cef4d690,20,0
7d3d5546-b722-41ad-bc30-e9f97c7ca53e,23,0
fc8d083b-c847-41b3-badc-b484f522ff10,23,0
277d3319-0943-4ba7-a040-4e96b55362ee,16,0
54bf8328-6f2c-47b8-a35d-594f4922f0af,31,1
803aaa06-0d3e-4388-9e71-f99b6270d8ef,10,0
9f1bb602-dc7d-4125-99d7-ae5ebd216112,33,1
dd55bcad-f6d9-4e0e-863f-c3a04beb6ade,19,0
474e6d63-e527-46c5-885c-803165879da9,20,0
1d2fccdc-9745-42c6-bf0e-51c55dfdfb5f,19,0
b84d2a9d-ff8e-43e4-be4c-a6d4f22ae732,25,0
67495263-d0be-419c-b31b-5b93a01610ab,18,0
e5081339-62ae-4ac2-be4c-5d1ccce9b7a6,22,0
75951024-381a-4b88-82fc-d8b00286da62,27,0
5970e80c-3069-430e-8bcc-f0117083a94b,19,0
1449076b-7d97-4a50-886c-2c3add7b49f7,29,0
5069bc43-c4da-47a8-a2bd-3d3fbc2c4758,19,0
1de434ac-9520-44c2-8646-07f7591691da,22,0
890654c5-9842-48ff-891a-00dcfeec3434,24,0
5eee0dd4-0561-4292-81ba-b9bd9fe743d8,14,0
b74fd875-d3df-4825-8e79-d4a1c0b1aff6,12,0
6784ae35-3b13-46b4-9cde-63b09821b4b9,14,0
af0f614d-496e-4256-aab6-d65218fc2ea0,25,0
1c548eb1-cbf4-4aca-9393-bb8c9a237c1b,23,0
a2ddb9fa-a1fc-4690-8087-dced6dd99aba,16,0
84eae8b8-a085-4683-a4d3-f43c0ff4bb12,15,0
8b5b8767-8c9a-424b-b95d-1f12350de005,12,0
41e5fffa-d76e-4ea9-8656-6fb44610300e,27,0
d737db63-81a6-4612-9ac7-24b55150bf10,20,0
8d764041-d494-4823-8bff-e3c40192f492,21,0
9fd8cde4-52f4-4b66-9998-7237173010c9,19,0
78058193-0c6d-4a8b-944d-a58dab239920,16,0
3c3268f1-6d2c-4d7b-bf42-301fac525a85,21,0
9f868448-40b4-4a24-a96d-a0296e132167,18,0
848c3626-6d8b-4591-b8fd-0ed9537bface,17,0
733cda32-0bc9-4e42-b56d-71cb88463a5f,18,0
3d451e08-65af-4b2a-acbf-dc417af8d05d,22,0
9f8ed6ba-c003-46df-8eaa-79cbb2552e5d,18,0
3188d4c0-949d-4bcd-aabd-f51f565abcf9,16,0
784d8bc2-4dca-491c-89c2-e45c1b85a818,28,0
1d33aa23-621c-431a-9f2a-04f6edc952f1,23,0
e73effce-2f59-4547-b315-acd480b7f7dc,18,0
1d08da00-f32e-4468-8e8f-6f8d1981d7c9,22,0
a901f1df-a846-443a-aaa7-6fa4fa5e59b8,21,0
4574168c-af83-4ff9-952b-10ebccc8e6e1,24,0
b4e25a13-fb4a-46f6-86b4-b9ea0cc96835,20,0
fd9d1182-05cd-4ef1-83cb-2289156188ca,19,0
42a681b5-05a7-415b-92ca-89758b28aa45,25,0
ddeb9bc5-f937-46f0-b251-29960d7d9908,11,0
e726d833-c248-4bdd-af1c-0e01d41d3789,19,0
b2501e25-3271-4be7-b66c-71aadffc946c,17,0
985a55af-ac71-4a50-b58a-206eac5d6f30,13,0
7acebde4-8221-4275-a514-5fe088c66a00,23,0
750ba352-3cfc-470c-852e-3be25da96f37,17,0
868baaf0-59af-4be0-9ef0-af46202d0135,18,0
e6d80115-4636-4b4e-b4a3-71eaf5097fdf,22,0
aba5e7ba-003a-4819-a3b9-ea57b7c3781a,21,0
96e3bdda-1e66-4500-a0c2-e14e3560e45d,19,0
2b5db3a2-cade-4b97-81bf-e72bc682a13f,21,0
544fd310-ef2e-4711-9fbc-cf45e61e7b90,21,0
64074ed3-6b22-41a5-b787-2151cbb7c38c,22,0
f29e93e9-b1f4-4e16-96cd-5df7303c73c7,18,0
e307e298-4f93-4fdd-bd8c-62c1335a757a,21,0
ab6f00ed-ffe6-4130-8896-6e211e78611d,25,0
ae38f64d-c634-49bc-9dad-aa9607f0cb22,21,0
a47b73d9-5b1c-4cae-97a2-b714c45c80b1,16,0
c9997fd4-ece2-437e-9308-d29ef334889a,16,0
3d653908-051e-4a24-9e1c-d2097d8dd153,20,0
2886228f-e755-42e6-aaca-39454171c861,24,0
eb4cbb51-1732-4e40-b2b4-3eb79a4eed4f,19,0
32cbfa6e-8533-4f35-95ed-f2fcbb33dc07,16,0
8df43997-24bb-4232-8fe9-aaa916cb7b09,12,0
80bcbd20-ed57-4c8f-aa15-ffa56fb7f85e,22,0
9698a7d2-cbd5-4101-bdb8-ee5fbd40942f,20,0
2759c888-fbc7-4bd5-aae2-466a9b6371f3,25,0
37c2c53b-57b5-4741-a58c-f9ec549437f8,17,0
d7703b87-7b32-44b2-a5b2-332485e7623d,17,0
8ff8941b-3367-4ac4-acf2-eec864db1f0a,18,0
c325f669-5655-4a9b-8219-9fe784f72809,22,0
538ecfdd-4c11-41cc-b057-51bac45e2e1b,24,0
44913d68-0203-49f8-8e93-f23c395a8104,17,0
89849918-0f00-4792-9988-4f9e60a82c76,23,0
179cc048-d50a-470c-aee7-e14278b50d32,14,0
0c73522f-b29e-440e-ac4b-6fac8a60b8ae,22,0
f420a1fc-af64-4652-8c0a-68a7648efb32,24,0
0b20be9c-9797-43c7-bc27-6406de85c3b7,25,0
d29a36d1-6e7d-425e-9e99-c0e06d02965c,18,0
84b88666-39c7-4ab6-9afe-88ba6bcadfbd,19,0
76e19f03-e3c3-4ac1-87e7-70a19d673fc0,21,0
3a4fd149-28ea-4316-a3b8-a88793bc92dc,27,0
fe2a4539-f06d-44ee-aa8f-9cf0740fdfa2,20,0
154a90ae-b5a3-4cf0-814e-cca6c7292596,24,0
7df5fe26-280c-4d07-ab91-11f2e153893f,14,0
c376db46-9a8e-4de9-bf22-1209462b5cca,25,0
0b1481b2-86ab-490e-a29d-d572196b8e9f,23,0
1df8c078-2cd9-45fd-b27f-dfe315c4879d,32,1
5148983f-a178-409d-9ab9-97e38e3b716b,22,0
5a2665f5-0cb6-4a9d-ac9c-9cdc68b91ada,14,0
0d363580-c2f7-4122-89a3-1739d5e0e889,33,1
3e47c2a1-e169-460b-b641-b42c9fac410f,13,0
2259288c-42ae-4fc0-af35-0c5ebbb9e587,16,0
d747f230-5b16-4266-9b43-884e2cfd3792,16,0
76014403-81fd-40bd-b3a1-1eea26178e21,11,0
af90e486-f1db-4696-83d6-3784bde095d4,14,0
798b9c62-4ccc-4166-bd3b-43c5bb650e15,18,0
83723164-b7e4-484b-b0d4-9f16bb135880,18,0
621c1b27-77f5-428c-9247-e238a7a04533,23,0
4f2b5a12-8cdb-4148-a1eb-80e2ff2d6c63,17,0
be6871d9-2ded-4227-9ff7-4ed85ce3add2,18,0
2e64e428-86e4-46f5-97b8-6814ce651017,19,0
df07d97f-444c-4ea2-a3f6-660e7d2f75d5,14,0
96108242-5958-4bfa-9d54-0a3ee0305a6a,17,0
08e68d94-fd72-4fef-9835-f91c9ad4ccaf,19,0
17723741-7c8d-42eb-8655-ffc92c8cb624,22,0
b9d6d727-400f-4ed6-91e1-5ca71be066f0,26,0
659ab890-a915-4671-b791-8fa7c130c704,17,0
4c5e428f-7a56-41e9-9516-79ea60df65a9,22,0
ebb109b0-1ba3-4bab-bd43-af5bb0efb485,22,0
3dac2576-8a81-4874-bea2-e4fc5a09fc45,21,0
ed1a2371-a4f0-4e07-a2ea-e5cd0d44a6f0,17,0
b12ae920-a911-459d-a857-81d3249f5906,16,0
baf20257-80e5-4880-90eb-e17447919dcf,23,0
1c5900ea-4ff8-483b-b934-1bdf88bb8f76,21,0
c994a117-1fe7-4c90-b20d-ebe993c22891,22,0
90bdd6c9-fc02-4c23-93ae-2f5d3fdad2ff,19,0
054f37e9-9e4a-4cb7-8a9f-ac5a88ecfa04,24,0
85a47f64-b65f-4ef7-87eb-864548c6e238,26,0
3bcebf98-1ecb-4eaf-a09d-3deef794501b,18,0
a4e81622-5c95-4a0a-96c1-47bf6c39b389,13,0
cb1303b9-c42a-4465-b7a3-6c4c276bb82d,22,0
f9fba80d-9b84-44f5-ad1e-4e1d61bdd7a5,23,0
f570da4b-e9ae-4b61-83a5-de15bf32cdc2,24,0
2ed7dbaa-f401-47ee-acae-0a97e61e9358,25,0
ae9c43ac-a518-4893-b9f1-749fcbf58979,17,0
0daa3e48-4318-48d1-a4a6-6b87d0781f92,19,0
f7d7e1cc-a2c7-40d1-9852-d38fea6aa362,18,0
64eaead4-2682-4904-8089-4545d3ee9b0c,20,0
094a94b3-747b-4c76-841e-0a0cc33a611e,14,0
e3fb7d75-6396-47f7-b9a6-a1ce1c569f75,17,0
6a40be6a-df15-4e3f-a763-d9be76b3f369,17,0
099015b2-6236-44dc-8165-5ba8c119dd82,22,0
3e58c9a2-e734-4373-b163-26c0f411a8da,22,0
00918c67-3619-41fd-9908-fde214a5b274,19,0
f7c0e15c-fbf4-4d6d-ab55-3cef1537cdd5,15,0
e2425c82-00fb-4a7b-ab55-091898fbee0e,20,0
828c2e14-8556-4409-bf33-13947ff3677c,24,0
e94018cf-47b4-4f32-b376-a31f45e2d43b,14,0
1ff248ac-0409-4594-9717-cb68aeba6803,17,0
9ac3fb9b-b886-43a2-96ee-55ae48030b4d,20,0
b46e880c-5c0d-4321-a63f-03c4b0f6d84f,22,0
ae7b5cdb-0f5a-44f6-8acb-1de604d82a17,23,0
2f9cc123-bacd-4bf9-8e8c-e42bb9cc2603,14,0
a05f1a94-d49f-4614-b7cc-ddc8be257fcb,32,1
a1e535aa-fbc5-4c5f-abac-06c1cde9bbae,13,0
04f544c4-d4cc-42ac-8bca-3246f60028e3,18,0
64867345-e06a-4d45-aaca-64b68c249397,26,0
4c079df3-57db-4cd2-bd89-db67fa7dc8be,20,0
a1eaedce-d22d-498f-b1a0-c271ed131582,22,0
03c96f66-8d9b-47e7-a6e2-2ef6253543b5,28,0
d96675ab-db1d-422b-850f-cf497df8d382,19,0
80433a9c-63e9-4afc-92ce-2d524758f834,18,0
f292b3db-be21-41a0-97f7-5982ecee4853,19,0
1718d0a2-08c1-495d-8238-a8672f57c52e,20,0
5840e05a-aabb-493c-85bb-3a0d66ed148f,23,0
505ffa72-2058-46ce-b1d8-dfd6cf62ea79,18,0
620405eb-184c-4f13-8cdb-09a541505fba,16,0
d019e439-140b-4713-b220-bc3e02633a4b,14,0
e010113f-c25c-4a05-ac81-228382ea845e,18,0
2e774166-e972-4d6b-8c22-703ee87d431f,18,0
95310f2d-b978-449b-839a-9f7052aea042,21,0
5f75d99f-ab88-4d5c-bf73-494d821f5f38,18,0
48bd74cb-f5f9-4933-896b-2991ef5ba0e4,13,0
8581fa9e-6a5e-4a77-8717-0dd78bcd4acf,19,0
c35a636f-0321-49ad-8f90-d823fb74ddec,21,0
96dd02db-a341-45e1-9506-4590cd8324e6,14,0
332f5f13-80cb-4d31-92b3-a0be48527023,21,0
50f44e56-8c68-4d65-860e-aa965d1e9559,25,0
ad8d5dbd-5800-419a-a4fd-383b7c6347ab,24,0
8ba48fa4-6ede-408e-8223-04345f49a5c7,16,0
43eeb8d6-d746-4664-b21f-b048cfcc5aad,20,0
ff3b2434-8059-469c-8916-0b870012fd06,18,0
811a2d89-4f0f-4d24-bc8c-cb7d28ccddfd,14,0
c37e69ec-d636-4ade-a5b3-1872d1357e3f,10,0
73970ca5-2da9-4330-8466-f64bda620924,18,0
9df8db01-5cf9-484a-b968-bf1665b97ec9,24,0
aa1f6557-a0d5-46c2-8107-fc5d6b90af85,23,0
8167f831-1567-4337-9059-d63a900a6b49,21,0
a9fc677f-1997-4cc6-8296-9d01d982a13b,20,0
2ad4271c-f3fe-4b37-b400-551c7d34a9ac,23,0
1d56e79e-607a-4d2d-9d5a-76bd63310aef,16,0
58fbd995-7606-4323-b665-fcff5f23416c,26,0
1700dcca-8bc5-45fe-8d5e-7e5a4fb6f6ad,17,0
26f89caa-fb80-4ebd-915b-4fe2036d82ac,17,0
7256902f-e266-4f02-999d-86d149eeb3e0,23,0
7595ebf8-1521-41bb-93d5-002369833d2c,28,0
5347e9bc-1d04-4d56-bb95-6fdfddac1c36,17,0
ab7369d6-69a2-45e3-bbae-62bdd08c191b,14,0
f202bcb7-f1a9-4d31-942e-cdcbf1dc4ab9,18,0
09f1e5d6-5bf3-4253-82d5-311bd5b9d4af,28,0
a0685c7c-333e-4251-85aa-f64e0cde450d,19,0
f430d073-d731-43b1-9834-073df98b9276,17,0
e8e82a56-48fc-4777-bc61-06dcce57726f,12,0
c75622be-6dc6-4d48-9acd-18fe99cae62f,21,0
08b40d6e-e9db-498e-a553-bc759bf2aa39,19,0
a5225875-b279-4c6c-905b-79a3c69fec8b,19,0
47b7373c-17e5-40bf-bc56-875fe624aa2b,21,0
56e7f9f7-4c54-496c-84ef-6c38de66df0c,12,0
91d1111e-8ea4-4028-bbf0-2561bef02344,23,0
ea230705-ee60-4082-8f03-8552d7bf7a2b,14,0
3daa94c9-bc22-4f83-9072-616d30749c5b,20,0
a00e092c-8ae2-40a5-923c-be7a7991d393,26,0
5feabd62-307b-454e-acc6-5f4e16ace424,18,0
9ad86263-b936-4140-a58c-b8d2f0ba5984,22,0
c2c0b3cd-92c3-4fdd-a2ce-91dfec39230d,16,0
58a2b405-9521-49ff-afa6-2bbfdb0a850d,24,0
20df2c0f-c07a-402e-8ebf-fd0ada25fbd9,10,0
89b771c5-407a-4881-bfd4-09c585098d4a,19,0
c8456e54-d984-4bdc-a037-ece986a52dbe,18,0
f1bdbec3-d67d-4153-9363-befaf5e9a5a0,16,0
faa3dbda-ebcb-4916-9151-5daeccda32be,17,0
35b80c69-af2f-4238-b5d6-f7c5425f4d75,30,0
dac13160-1acc-42ca-8d49-364de2c5142c,19,0
24522dd0-bcf3-499a-9231-655928951aaf,15,0
531454d9-7b3c-4998-8ab8-7efce9ea6961,21,0
316b100d-6307-4a64-b06b-80858bdc2550,15,0
d75eeb18-cfd3-47fd-8e6b-941f38a7bde2,17,0
73fa36e8-d46c-4f66-91cc-edab8c42c674,14,0
58162fd7-7037-49fb-89ee-68cd63635f67,13,0
a5616032-17aa-4fde-be4a-f91ed08f448c,23,0
7e6a2298-0cc2-49a6-b1d6-3a1d38fcfba5,17,0
b25f1da0-108f-4910-9493-cd20efff5adb,26,0
c104b17c-07ff-4531-b20d-065f63ef60e1,15,0
1035f33e-2dc0-41d2-a40c-4d8f250f0847,21,0
31e7405f-bdff-4123-9309-8b99d14e6cbd,22,0
c2a9423b-4b65-458f-95fc-626c74572bf0,18,0
03c87830-8f20-4d73-b5e3-648ef6dc4642,12,0
10c8a32b-ca0e-49ba-830f-8560fb9da3f6,15,0
2d504b9c-fb97-4783-a12e-4d307dedab21,20,0
18702484-826a-4358-b505-68b0f93f06f6,18,0
ffe09144-bc0e-44f2-8ac1-3133238bcdc4,22,0
2e39e0c7-8deb-4190-b7c6-814e02f8225e,20,0
a575d221-0503-482f-a78b-a53c6de71fcf,15,0
9dc517f1-2f98-42cf-9d49-bccf493d1328,24,0
94992942-cee5-45e2-b3c8-aa0e2b69b3cd,21,0
81f90ddd-f7fc-46e0-ba11-d0f8ae3bc50d,14,0
90a1193f-b995-4d53-a665-d14800c3028e,19,0
a5742f30-ac0e-4747-900b-e8b0b8a3f4e7,17,0
ec95113f-aaa6-4d85-a511-8c4fb57bcf6b,19,0
693722bc-48a9-4e68-9bdf-ad4283026cd9,21,0
a14ca828-15cd-4f96-9639-6e905dc4afb3,23,0
4c547b68-df14-47dd-a279-d27c01efcfeb,19,0
bd1e19f5-ec38-4ab5-9667-3a50a5efefe0,26,0
15e2e6eb-2471-4eae-a8ae-de81d2ef4b54,20,0
f32e1d29-3044-4ba1-80b2-6390336f7372,22,0
1a9d9a7e-7989-4e7b-9ff1-dda05c195698,22,0
86f4bdf1-a3ee-428d-939a-f14fc7da577d,20,0
2c2bdf7a-1c87-4181-8031-ac2b55ec13f0,32,1
5485e3a3-4a6e-490e-bfc4-02a5d1396408,15,0
8c54d0f7-6094-43f8-a383-dc17063f3528,15,0
f74e39c2-da26-4fbb-889a-4ec0989adac3,16,0
a44d4e1d-f92f-4fb9-920d-bff3d2f27b2e,23,0
2c3dac39-04fd-40c6-9166-bb8b440bb489,23,0
1344138d-2757-4188-a888-26ca30a2e6c5,22,0
715afdda-594d-4fa8-9018-dbf78c6bbd62,19,0
50c30272-f80e-463e-8d41-c1eb1c416bcf,22,0
5b4a37ae-d5a2-4eb6-bc76-763da2e7312c,21,0
9347eb75-2aed-4559-a1f1-b16e5de05009,24,0
bd511c53-583e-4135-adf0-fe85c465d75e,24,0
b8b2d955-3938-4442-b3be-082345583013,17,0
e7fa7080-3c02-4dc2-b4a4-3d3e86adf01a,27,0
cc124366-a8a4-42c2-9897-11805d605d21,20,0
a34d6331-5b17-40a1-96f4-a7fb86d2add8,23,0
0ff7d768-4812-4feb-813d-e02948f32839,33,1
b9842684-8f74-498f-b6da-705f6b6ce5f2,24,0
55eab6ab-3ed6-4c87-81f8-fdf22e1fb826,21,0
832f901f-4acf-42dc-9707-38342ed2f803,16,0
143fffa3-5104-4253-9a96-a71c7f1590c4,24,0
f81703d5-ae90-46e6-bbcf-240c52f703fc,13,0
bb2576b0-4634-4eb4-ac88-fb2ec274c396,21,0
66c73309-c8c5-4c24-91cb-214691007aff,14,0
c6cda06e-1b29-4474-9dc2-3c451a132709,16,0
bb53be3c-9d32-4077-a79e-2e996e194a82,25,0
7690112d-6abf-4c99-9654-a411278be614,26,0
152a9883-4d91-4509-8b57-3456a6a16c69,25,0
e7f9ca4e-0300-40c1-a336-4372ad0f1496,13,0
5dcf054f-23c7-453d-b499-541fa762a3ad,19,0
3ec1ec13-7a53-43d3-94e2-ea02015819d3,20,0
ff34860a-b043-430f-819a-98788ac2b1eb,22,0
1b6ce4c0-cb09-4616-bab9-7d3e1cc0b63e,29,0
944a7134-95d0-487c-9f08-797d734932c8,19,0
ddc5dfaa-98e8-438a-b0c8-a84583657760,24,0
ee83d835-2eb4-42a2-85b1-134b58da1780,22,0
ab5cab34-0332-478a-b124-1f52953eaa8e,23,0
060e91a4-c23f-4b41-aab2-499bac5edc08,21,0
a1c31dc8-9e53-42b5-a6fb-42c02bb4f39e,23,0
a284bf34-8fa3-4cfe-a613-02bcc793e0a2,23,0
a0bfbb2f-7ccb-4322-95e0-08d14f5d58c9,20,0
82e8a5c2-4801-4c2a-b3b5-5c9aafc6a794,15,0
a05366df-065d-4d3c-ae63-e25dce942894,17,0
c0352b55-ae91-4504-be29-3f50aa933d82,14,0
778511b6-bfa7-489a-a3c7-e6a1b8c4ef84,14,0
be075704-ca82-4e18-8116-e50d9413c861,19,0
7e64d062-d5aa-4389-a93c-e169155d1909,21,0
00d4110c-9e30-4185-99c9-bed992a5460e,19,0
db284f4b-c650-4b80-94a7-58f8801d12f6,24,0
a3b62fb1-6c7a-49c6-baa4-ea7e13f6aa26,19,0
d9dfa0c5-5e03-4ebb-bbc7-93dd4d807957,21,0
2ed1040b-c62a-4108-86be-827945d70ca4,23,0
28e3fe87-d00e-4275-b3d0-a3df5ed43987,20,0
96b2f304-9d22-4fe7-817e-d52979f4fd8f,19,0
614d4c28-6cbd-4559-819b-5464a49ff35d,16,0
e1ea0331-f175-4db6-b65c-e0ede7b283be,19,0
f6ba630a-db9b-4043-8c28-043ea17088d6,21,0
9d8e2de6-7bba-4ff3-b318-6e6eab9dbc87,14,0
8a8d1596-c4fa-482e-b078-4cf3671fc94d,21,0
6883c1df-fc6e-4b1e-9f29-7f44f172cbfb,23,0
6facd109-0238-4b6b-add3-4909fad3e685,17,0
c95761b1-f1b4-43c8-9a4c-548b0106d46b,13,0
66379da6-b1a5-48a3-9ab7-bb81f10a1324,19,0
4a2bcc80-ec3a-4c00-a7a8-d646970405c3,26,0
e50b156c-2e48-49b3-bf82-dedb4f34bfb6,20,0
a8888c77-6a9e-4bc5-bc74-544ac311d401,25,0
28d625a4-cc95-4f32-8946-d7d0df8db4a0,19,0
d9a1cf92-e7e3-4d62-956a-be4f36a64781,24,0
08fb3602-e86a-4873-8fc4-d1fc79fc38fe,27,0
9e4ab51d-5166-4e7c-9a8c-b6e9b36bda61,15,0
579854c9-121f-4d0a-b4dd-43b4820ebe43,24,0
56c96f6b-0ce6-49d2-aba6-67cf72e18aa2,15,0
ad42a27d-2aa7-4099-96b0-cb36bff24575,18,0
20bbbc16-200d-4136-b606-002837d23a7f,15,0
a741fdeb-25cd-42f6-bbe1-89edab1069e9,18,0
80f4acea-1096-4c92-818b-57a11ec80e39,23,0
54244985-b635-491f-b495-a6ec415d03ad,9,0
a0e38981-8388-49f9-8ad6-cadf89cec9df,14,0
7ae65739-f659-460a-b085-0fbfa8f185e1,21,0
6435c5b5-68bf-469c-b3f1-00f288f54023,22,0
4ad76c5e-164c-4fb6-aa02-5bcf52b72228,16,0
8eb1443b-1d0b-4aed-bcd3-bcafe938ee73,26,0
ded963f4-2a60-40f1-a7c1-1624a3a4e543,25,0
6e215bc8-4b04-42dd-b5e0-7b3982765072,19,0
3705004b-81b9-4aeb-ab8d-3adc4f64c318,22,0
679bfb7c-1e13-478f-90ec-9af39258b34e,13,0
e929761b-1fa1-4970-8e2f-78c32abf36c7,19,0
456ac396-faa6-49d0-8894-18ff57c2751c,19,0
db3573e5-29e5-45ec-af21-5027cb15090a,25,0
67610666-b326-4668-b678-88f3411afa43,19,0
4195dd41-da4a-4397-9dbb-9d18c43873b0,21,0
1151929f-4e94-442f-bb6c-715d901cce33,20,0
358a6639-1d35-41a7-a5f1-124058ffa6ad,22,0
2f0fda84-725c-4d97-aef5-79498311b3ad,12,0
06da93b7-ae3f-4040-b354-b224f3530921,20,0
59b685bf-a197-4a6c-bccb-fbf4114ba24c,14,0
44b948ea-70b6-45a3-9c76-810a8e02ca0f,25,0
1661c2c5-f921-45f6-ab2f-8bbe130acb41,26,0
683e549f-6112-47f1-9eeb-a61bdd69cda3,16,0
19b9a896-8a8f-430e-be34-ea05995533bd,18,0
436e2524-05f1-45f4-9bb0-96934e06295b,22,0
1ef9422d-623d-452e-9c20-17e15ef8a00e,17,0
99d19213-76c8-4f3c-8614-e3de2ba8728f,22,0
a0b6558f-135c-47ea-b2d3-ddb44483b6c6,18,0
88e7820a-1057-4620-85d6-15a4b86f028e,16,0
080af770-13c8-405c-8e48-a48b74c24b1e,17,0
9b80b9c7-0033-4c80-8846-ed5294d7d775,24,0
3c2a86df-314a-453e-98e5-c532672c0455,15,0
05c8d4f9-cd2d-4467-8ed0-d2bbdebeaf0f,19,0
bef04ab8-dd42-48f4-855d-8b2c9c874f58,22,0
cae8c3ad-2588-4169-a209-36865cf10061,13,0
ba3d0150-6f76-48c4-b12a-00e9fdde8be2,20,0
f54e94d1-2ec1-4677-bd6c-3cb0b2161212,23,0
6099ef8c-520b-49c9-a43e-2c5311ed5c5f,19,0
61ef894d-a50e-4965-99fa-c2d0f3e159fa,16,0
5b13d5ad-bedd-4f1f-91e1-f613e1630a52,21,0
5fc92b2e-aaa9-4506-8285-1e7466576d26,16,0
1250784e-a992-40fe-b2f6-9324a1a96c36,15,0
1edbeb64-7af2-4604-8088-342da2b08134,22,0
0b2770be-77d7-49fa-9e99-d8337931a6b5,21,0
e6c135a3-9b74-4c5e-8716-e4f16a2b7f43,34,1
583b3e6d-a202-4825-8b72-9708aeb297f4,19,0
6f65608e-d313-4e64-9393-4d23407912aa,20,0
7310794c-c7e3-4fe4-a03f-efe400338576,23,0
12fa9dd3-cf93-422e-abcf-b9a2c045e49e,19,0
7ea0ed75-63bd-4891-b210-6fd5beb747ed,21,0
80cde956-3646-4914-9a2a-1061408729c1,16,0
82b2b98c-cba7-4518-a03a-16fbfc31fa79,10,0
5263cbfb-4b8f-4d4d-a060-949c34b397a2,19,0
53c4e27e-1b4d-4d80-9576-70cb273700cb,23,0
05bf6475-79d8-42f7-8c47-59aca1697094,24,0
77ae0c65-76e7-4c2c-8469-81e86acb7400,18,0
30b0e1dc-7e2f-41bd-8202-16b85a3e92e6,27,0
9148bb4e-1832-448a-89a7-8b2bc5d4a562,18,0
bbf1a708-a732-4974-a5c3-782b054bcea8,19,0
5c9cdfa3-ca7e-495a-9937-9cab9da6d2e3,17,0
433126ec-002d-4739-84c6-4af51edace22,30,0
0ec180d5-76ef-4e3f-9e14-ebbadf3fb573,28,0
26c96521-7897-40da-a8db-aebd3199412c,27,0
f4d2a038-9634-4be3-b9bc-4dd30fe96826,18,0
fad47005-0341-4c19-a6c8-f531c89c53aa,19,0
a9e5b16c-fd3c-47e4-8aeb-896cd92c54a8,26,0
7f14fe4c-0247-434e-adad-5d652e970fe3,25,0
101b10da-b308-46bc-a7f6-ade81e7cc51d,18,0
59ddf77b-bbaa-485a-a8ab-fc9583ebaf1e,16,0
85ea32c1-31b5-44e6-8f37-f27f00fef5ea,21,0
6c9fe980-bfbd-4ba6-b797-c581d183131b,24,0
d44823a3-82a9-48ac-84d2-5966a7b7d4f5,17,0
275538f6-6f8f-458f-9b6a-d14c1af3ec94,16,0
656fd532-8de2-4f7a-9dec-60fcd321e8c1,24,0
6fbc052e-ba42-40f4-b33c-1f5036b12ca0,13,0
e7b85bd4-df4b-40be-91f2-4849e15014bd,19,0
