transaction_id,user_id,event_id,timestamp,amount
61b27b2b-0ff9-4951-8779-5240824f17ad,91d1111e-8ea4-4028-bbf0-2561bef02344,0e15dcdd-338f-4692-a93a-2e511c2eb02e,2023-12-28 20:35:44,129.06
44705906-ee24-4a8c-bc19-ba326c3f5278,2ed7dbaa-f401-47ee-acae-0a97e61e9358,1ed26d6a-c755-4f0f-b393-7a3d1b3b8b1a,2023-02-11 13:38:51,13.09
04cafeb1-7bc4-42bb-b0b3-df0d40faa15d,937b46f0-d7ad-4e7f-8999-85c086a55c66,2b471234-ae68-40d9-b36f-2ac3ccc919de,2023-08-23 21:25:21,17.07
25d20fdc-5b26-45d1-be5e-880a39b668d3,58162fd7-7037-49fb-89ee-68cd63635f67,a4420e68-9eb8-4131-8fcc-8a574c3c4118,2023-10-06 16:37:49,23.05
1c53af43-cd81-4548-b3c3-6a40fbaf35b6,fd9d1182-05cd-4ef1-83cb-2289156188ca,1dd65bcb-350b-434d-aca5-ece43571dc03,2023-09-04 07:31:34,54.49
51a9e788-8ec4-4ea5-9b9e-89ec62f00b40,0b20be9c-9797-43c7-bc27-6406de85c3b7,fcba231a-7195-4c4d-897d-715da3999cb6,2023-12-19 16:39:20,6.29
7549251f-2443-43e1-8bd3-8ddf987c09c3,e07b0de0-e653-4236-bbc9-837112066e88,a58294c4-ae83-4fa0-a27d-7b5551efcd3a,2023-05-10 12:58:20,153.9
80ef750f-bf6e-4e13-b2de-59b7a6a00b49,a5616032-17aa-4fde-be4a-f91ed08f448c,1608dbb4-ba3e-477a-a401-10ec5aa37e19,2023-10-27 11:21:07,100.34
f7fee0d8-1933-4124-b59d-9b32ee4a650d,73fa36e8-d46c-4f66-91cc-edab8c42c674,105168d4-4798-4544-8b97-d42d3fdca10f,2023-02-20 19:19:39,43.04
8ce62ffc-1b13-457b-9795-6c2dcb61f10d,ff3b2434-8059-469c-8916-0b870012fd06,8571bb3a-a3c6-4313-b56e-22dae530da71,2023-03-04 18:03:11,56.05
ec4fe466-0516-460b-b4f0-3dfa3dbe2be1,d75eeb18-cfd3-47fd-8e6b-941f38a7bde2,b2ab4182-7dbb-41bc-adcd-27eb06f95a33,2023-09-26 08:46:10,0.84
c1d1f21e-5f99-4bf2-be08-8bce73a3ad30,152a9883-4d91-4509-8b57-3456a6a16c69,8524fece-d5b0-4290-b36f-b2d2f8e17348,2023-05-24 09:20:32,20.7
9283e581-62b4-4f43-af96-6861d9838c56,c36895e6-d58c-48f3-9e91-cece30bcff71,0ddca892-577c-4139-83f9-bfff95c6404a,2023-12-10 08:43:57,79.4
2aa72c19-2c56-4591-a561-0b537b8f86a8,784d8bc2-4dca-491c-89c2-e45c1b85a818,06ea9ae4-c76b-4036-88b9-e6ebe7e52e36,2023-12-26 12:44:39,4.03
d2bfbde5-4e29-434f-aa50-97fe0238d3fb,e2425c82-00fb-4a7b-ab55-091898fbee0e,9794e09e-235a-49b0-a54d-fd0bce9640e9,2023-04-02 22:33:06,16.59
edcf5cd8-ad33-48cd-bda2-7d4924992f0d,d788bbb3-4ece-450f-99d9-11e822002ffe,5cf82e95-f464-44ab-8e5f-c90cc235441f,2023-03-05 02:37:34,44.01
72838f70-461b-42e4-ad2e-483ee3d8e65d,08b40d6e-e9db-498e-a553-bc759bf2aa39,add7be26-b863-4f7f-a4bf-205a026c166f,2023-11-11 20:56:24,14.81
dd76f061-1897-47d6-aad8-62d49ff7a6bb,c75622be-6dc6-4d48-9acd-18fe99cae62f,2a27116f-a8bf-46c5-835c-5c09df25d836,2023-12-09 07:23:40,135.89
39c942dd-7d1b-4c2c-8549-1843c41c297b,5347e9bc-1d04-4d56-bb95-6fdfddac1c36,895868a2-996f-461e-87c6-aca684b2102a,2023-03-11 15:45:45,7.02
719cfc9b-55e8-453e-92f5-5c1249aeaded,01f4082c-38bc-486d-a31c-9dc2cac83df5,ec2335e0-f946-42de-878b-9ba392b72128,2023-12-28 11:49:58,79.82
3cb43516-fd61-4a56-b716-2b3033a5f84b,b2501e25-3271-4be7-b66c-71aadffc946c,091e9ded-46f8-48a3-9630-4a3c6fd80843,2023-11-08 13:22:24,35.46
5cba4635-4ee6-49cc-a91a-62594e37ee95,6099ef8c-520b-49c9-a43e-2c5311ed5c5f,ee278086-f35c-4c6a-82c5-61b1b553dbed,2023-03-03 19:49:53,69.38
b91fddeb-f477-4c3c-bb98-6cb499ed8b3a,67495263-d0be-419c-b31b-5b93a01610ab,a0ea26f0-7eb6-43dd-a652-03fd576cacd5,2023-09-30 08:23:11,18.61
484308e6-9706-4317-8c90-205d9339a646,67495263-d0be-419c-b31b-5b93a01610ab,bdd6fbf8-33e4-4993-9071-6a2302103a68,2023-02-11 23:31:27,36.13
de6bcb95-e182-4c0c-906f-4eed6d8d34b1,d29a36d1-6e7d-425e-9e99-c0e06d02965c,948dd0cb-0ab8-4ad7-a1a6-c86188437fa4,2023-11-14 03:08:19,97.19
ef731c62-ac8a-48e5-9d02-3435d6ca1c39,3c2a86df-314a-453e-98e5-c532672c0455,dd530290-ad01-4cb0-861b-2f7d884c8dd7,2023-12-23 16:35:31,31.45
a5a0076f-d5f6-403f-97d6-d4d861e0b88a,890654c5-9842-48ff-891a-00dcfeec3434,4b48f8fa-4b89-42e0-8b53-f9901f3d2343,2023-11-05 21:09:26,22.29
fd5ef06c-e6d7-43cc-a939-d45034b903a2,9fd8cde4-52f4-4b66-9998-7237173010c9,7cfe5263-a25d-4f3e-a4a1-9bb5f94d7e07,2023-01-11 17:15:20,38.41
51bb3582-6a6a-4568-be03-28ba1d04fe16,c994a117-1fe7-4c90-b20d-ebe993c22891,939e2a22-d342-442e-9b49-4e3eb4338740,2023-06-18 18:25:40,63.18
0fdb7b27-4ad7-45e8-b5b2-cdc0c9c24c96,154a90ae-b5a3-4cf0-814e-cca6c7292596,dc021bf6-3c10-4f55-8723-2a7636105654,2023-10-10 22:31:55,29.31
9053df83-c4f7-4e12-aa5a-b68da11279fb,c104b17c-07ff-4531-b20d-065f63ef60e1,b202b93a-8c55-4e54-b6be-1049025829da,2023-05-30 14:16:53,139.74
465e491e-988a-4dfb-8739-898f53cd2a23,ebb109b0-1ba3-4bab-bd43-af5bb0efb485,e2b5b731-29f5-42be-ab15-8a59744cfc50,2023-04-27 15:12:23,17.47
ed37b77a-2c81-421a-a838-782a3c458bdd,67495263-d0be-419c-b31b-5b93a01610ab,7169af88-2255-4b63-8c24-a9018f1271aa,2023-06-08 14:29:52,32.26
e98f2469-e2e4-4832-80df-12724312f421,152a9883-4d91-4509-8b57-3456a6a16c69,f641680f-a401-4474-b111-064227aa5fa0,2023-09-16 05:35:29,70.72
69f2bbf4-c2dd-4fef-92d7-1e952d8b05ca,848c3626-6d8b-4591-b8fd-0ed9537bface,7c0758c6-4e66-42b6-9636-3b9d7da2eb51,2023-10-18 13:07:10,58.42
0aa31133-3277-44f5-9085-84ca5c781949,08b40d6e-e9db-498e-a553-bc759bf2aa39,6f609c3e-bb43-430b-9e5a-982e6e35470f,2023-04-29 00:19:11,99.62
20263f21-e670-48cd-8504-06b7362e2b30,a5225875-b279-4c6c-905b-79a3c69fec8b,b60fd9b5-0b4f-48a6-af30-004decd8c637,2023-04-22 10:13:46,287.37
40714c01-c9e2-4653-9b9c-50890b2d6e8a,8a8d1596-c4fa-482e-b078-4cf3671fc94d,ab402ddb-1320-49cc-b819-28cfbd4bcf58,2023-11-02 03:48:11,27.83
320f78b8-d19a-41f7-a79b-523d4e532dd3,3daa94c9-bc22-4f83-9072-616d30749c5b,85e1c6df-2ed9-4ef1-ba1b-5a419356107b,2023-08-24 14:29:44,5.89
04813aa1-6fbe-4ea7-a489-77f30fc02d89,f32e1d29-3044-4ba1-80b2-6390336f7372,9ffdcb8f-3df6-48f9-80ee-47ea23755139,2023-06-30 14:00:14,1.54
28d816c4-b71e-4f73-b247-2bb11ab8aa52,67610666-b326-4668-b678-88f3411afa43,9d171c26-4644-40d1-9443-dd5582459171,2023-12-16 23:36:50,64.89
f04d8b90-9baa-416d-ae2c-9cb987608d37,80f4acea-1096-4c92-818b-57a11ec80e39,2e15517d-50e9-419d-a59e-9ae886d07c21,2023-03-07 21:38:18,103.58
9cfa572d-5f33-4009-a95e-8e8f5cf1df76,2e64e428-86e4-46f5-97b8-6814ce651017,b919ab4f-9946-4a5c-aed4-b93555315620,2023-08-29 11:55:44,12.47
0eb3a191-eda9-4cf3-8575-e1b7213f1bc9,f588ab43-cc5f-4692-8152-c05e30ead7df,7ad80960-674c-4497-bb12-4f8b623dcf01,2023-05-01 13:19:08,8.63
ea34dd11-8bc8-4251-96f3-06043da55612,937b46f0-d7ad-4e7f-8999-85c086a55c66,a927610c-4964-4593-8764-44994976c1fa,2023-03-19 08:01:31,3.21
d87e7506-617a-4237-956a-404a9e0f9962,a05366df-065d-4d3c-ae63-e25dce942894,cedfbdea-4ec0-4d26-b239-a56ef1497bce,2023-04-06 02:05:52,86.5
482afb4b-1f15-44c2-95b3-15ffa85f17a4,7ae65739-f659-460a-b085-0fbfa8f185e1,095ae73e-319c-49a2-960e-92d5986ccf64,2023-06-10 22:52:12,18.65
997d9c17-9a85-457b-8d8c-bdd365ce4f42,9b80b9c7-0033-4c80-8846-ed5294d7d775,72668c93-1a0e-48ba-afa8-7e54df417963,2023-07-11 23:55:45,25.68
3ea4934e-e72b-426e-89e5-90aa28531b30,84b88666-39c7-4ab6-9afe-88ba6bcadfbd,da7453d8-ef2c-423e-89f8-90e06f4b764b,2023-06-05 05:02:04,34.93
a63c9597-49e7-4421-bf0b-2d1305a0b671,26f89caa-fb80-4ebd-915b-4fe2036d82ac,6df5cd48-90ea-4155-8fb5-f67542d27d61,2023-01-03 03:40:53,91.46
422647a1-9413-4083-88cd-ac9c24d42fa7,f588ab43-cc5f-4692-8152-c05e30ead7df,1af660f3-6953-40ea-bd46-7d238c11306b,2023-12-13 16:11:33,52.61
9b04c715-6371-4a36-abf2-9f1956fc0e0b,f29e93e9-b1f4-4e16-96cd-5df7303c73c7,cb309aed-b0c3-4b90-bbbf-ff57470bcef9,2023-10-27 01:21:02,47.73
17cd5361-8863-4fdc-8f0e-833a2a66f01a,f81703d5-ae90-46e6-bbcf-240c52f703fc,266f15a4-1c2d-4d92-9bb3-64413444647d,2023-02-11 09:27:56,9.66
27cf09d9-140d-4fa9-89f6-e15ba1929fee,e6d80115-4636-4b4e-b4a3-71eaf5097fdf,39ee9519-6492-4c6e-9a02-65145fcbe367,2023-06-30 09:55:07,35.99
224fa16d-e64f-496e-9dc7-9d35341f594a,e3802dc5-0ecf-46d3-bb94-0b42096bfa66,142bc55d-22e7-4335-a0fc-dc7f8280c41f,2023-06-27 06:31:57,62.83
d615041a-097d-4c5d-a398-9de3f806c9ff,f570da4b-e9ae-4b61-83a5-de15bf32cdc2,dc0c3dcc-3173-4c76-a332-91d1265c596b,2023-06-30 10:47:19,181.08
5f620a20-40a7-45b9-9486-e1e09827e461,53c4e27e-1b4d-4d80-9576-70cb273700cb,158592cf-e621-4bf8-88a9-f96e8291c956,2023-07-26 06:30:28,11.25
713fdabc-5669-440f-8bee-fb6d20ac741e,1151929f-4e94-442f-bb6c-715d901cce33,ca97585e-f108-4586-b07c-2685b7108058,2023-10-21 07:26:25,0.48
b3722190-90fc-4111-9f17-89812a547df4,d75eeb18-cfd3-47fd-8e6b-941f38a7bde2,1f8cf872-13c0-4430-8ae8-51e82f4cddbe,2023-06-21 21:04:59,3.91
c0a7a8ca-0f57-4797-b5fd-04122da7800d,9ad86263-b936-4140-a58c-b8d2f0ba5984,161da222-c8da-4710-9fd3-5c7ba2ec1555,2023-12-13 10:13:54,23.57
61a7a060-8db6-4a18-b87c-174161369a1a,0e65d3c0-fc03-451c-b20d-7e5bb1a144d7,36326c2b-6a7c-49a6-94cf-ca05579c485d,2023-06-23 04:12:57,85.89
b845b177-0a0b-4e55-a628-c3ce97b778ec,31c38812-4342-4b6f-92d0-73eac050bab8,a936cc77-a8cc-4b32-bc84-a67c637bd56b,2023-12-15 10:35:08,0.36
ad8c6087-d170-4716-bddd-fb9793b6c3f2,ab5cab34-0332-478a-b124-1f52953eaa8e,47f1d975-d5a6-4b04-bb26-27ec2b9e3b9b,2023-07-08 04:46:17,30.51
e9ddff4c-4970-4b0b-8277-657d0f07d2d1,e50b156c-2e48-49b3-bf82-dedb4f34bfb6,bc85eff2-d08a-4a42-ba62-bdab52df420a,2023-04-03 21:55:59,19.97
bd542334-276f-4b22-bddf-49cf84933886,c35a636f-0321-49ad-8f90-d823fb74ddec,e962be7c-b010-4d06-bcd6-c728129a6fe8,2023-04-21 23:10:45,2.7
0d810110-270f-4b8e-8bde-3e722a50cc43,82b2b98c-cba7-4518-a03a-16fbfc31fa79,d9c7aa41-9d5b-4d7c-ae86-bda632be3ef6,2023-02-28 13:50:37,29.91
0a56c251-9e1b-4cd7-a608-9f66af3cb3bc,204fe2c6-1387-4c99-8c09-e8c34809c9d5,de8bd486-e39b-4076-8d27-0a9267f63fe5,2023-10-02 08:18:13,14.7
547e78c4-44c5-4eef-865b-2bc21ba49137,7310794c-c7e3-4fe4-a03f-efe400338576,769e0eb4-81d5-49e6-a35d-88f936d4b461,2023-05-09 12:02:17,21.68
c32b3222-1b4e-4363-8042-878c57665391,6f65608e-d313-4e64-9393-4d23407912aa,6c23626c-593b-458a-b0a6-d9ada35951e7,2023-07-30 17:30:08,61.14
1a399e5b-1e37-4fea-b08d-a23f16199557,5347e9bc-1d04-4d56-bb95-6fdfddac1c36,c6657c00-d79c-4e84-90b4-68c9d0b83cdb,2023-01-03 06:57:19,36.86
7792e751-b6ed-41a1-ae82-a4588e4d2c2e,e7b85bd4-df4b-40be-91f2-4849e15014bd,7a8dfe8d-6aa8-406a-b66c-8007d065fd04,2023-12-13 06:42:05,6.66
964e32ec-9947-4676-87ce-a14d294dab6d,6e215bc8-4b04-42dd-b5e0-7b3982765072,b70db671-66e4-4f0a-b06b-65c3d1718422,2023-11-07 15:18:42,162.74
ce76d343-f4da-4fad-9ce7-bcc22ff10e34,5f75d99f-ab88-4d5c-bf73-494d821f5f38,166fad2b-b58c-4c0e-a4eb-abc6c399025c,2023-07-09 14:37:42,50.52
02c49374-584d-4ea1-ac31-0b36bb4dad84,7483b709-4249-4ee2-8464-168bc49a7e63,a4cb3abb-3942-4642-976a-8dfa7c4e2502,2023-09-17 18:21:14,72.59
e30fb538-5731-4b79-b2da-74493673b623,26f89caa-fb80-4ebd-915b-4fe2036d82ac,5e9bb258-24f9-4581-8bcf-cf55e92c80c9,2023-09-21 18:03:40,4.13
bed5a61c-9efd-4a22-925a-24e33a4fd0f1,798b9c62-4ccc-4166-bd3b-43c5bb650e15,67fa723f-888d-4c56-a9e1-249631855869,2023-07-01 12:23:30,2.41
eb77b661-04bf-49eb-bb67-e015772a4e35,3e58c9a2-e734-4373-b163-26c0f411a8da,bc43f7ed-4119-46e7-97fb-48ae3f9e16a3,2023-08-30 15:51:18,0.98
126c6ff2-8915-43ed-b5bd-1560f69bc8c9,060e91a4-c23f-4b41-aab2-499bac5edc08,b2550022-0a2d-45c0-a8c1-de84a3bfe583,2023-07-27 10:23:35,10.46
d8d5baa0-a19a-4b88-9b81-045656dae2f0,76014403-81fd-40bd-b3a1-1eea26178e21,d109da75-9257-42f2-a531-70c310760ed3,2023-01-11 11:20:43,26.76
b11ceac5-26e4-4faa-b87f-bd2e3518ee59,6f65608e-d313-4e64-9393-4d23407912aa,c04a29af-af1e-435e-9761-e4495567130d,2023-12-19 05:11:22,137.31
d3b8ea46-f2ef-45d9-ac60-c234aba25489,f430d073-d731-43b1-9834-073df98b9276,4f9fd069-9e19-464b-8c19-9379c69148a1,2023-01-11 12:36:33,30.54
e64c1ae2-1052-4d07-b623-0046533d8392,cb1303b9-c42a-4465-b7a3-6c4c276bb82d,883d02d7-7a59-45c7-96da-e97882e8f82d,2023-06-16 10:57:38,17.14
db725573-11de-42bf-8820-c6e5f2590014,1344138d-2757-4188-a888-26ca30a2e6c5,ddd17df9-bb39-4e2c-aea7-097a0cd0d15c,2023-01-20 12:41:12,41.27
6b447e51-5309-4523-a34e-097410a1d839,a14ca828-15cd-4f96-9639-6e905dc4afb3,924259a9-11be-45f6-bbcc-036f3998f970,2023-05-28 05:30:14,5.94
27727ea4-3096-4c6e-bed0-b57be413482f,053bd943-5d33-48f9-987d-0bd4ba48e610,7bdfa51c-e1c1-48d5-885a-b8639a9dde79,2023-06-26 14:06:17,47.02
13c51e7c-c9df-44d7-bf06-73a36a5169da,1a1b6b25-5db6-4c17-95f7-7b7bad2170a7,ef8d34f9-ef4b-45c3-a6b5-881767300e5a,2023-12-08 14:50:20,42.02
f508be03-ba53-40ec-9f96-3a208b90ee14,733cda32-0bc9-4e42-b56d-71cb88463a5f,6d205031-99ca-4550-bce3-0673f1d9996f,2023-10-20 01:14:22,78.51
2bae4bd2-d2e0-4f63-80eb-27e12fd9f24a,af0f614d-496e-4256-aab6-d65218fc2ea0,5e0c5d0b-4e59-4ab1-9690-079bb231e504,2023-11-21 05:56:01,215.95
5070b283-0155-4313-80e9-d7e123fc949e,dedb2759-961f-4883-9421-a9ef026255ff,951a4566-87c2-485c-b151-73daf40710dd,2023-10-18 21:24:43,14.44
ff5e29c4-dd52-43f3-bfd0-8320c5ba2aaf,5069bc43-c4da-47a8-a2bd-3d3fbc2c4758,72dc361b-583e-47a2-8482-2faf236f08a0,2023-11-22 22:10:47,35.63
0d3da7e6-7dd3-43fe-8aeb-a3d4829240e5,1c5900ea-4ff8-483b-b934-1bdf88bb8f76,56d329cd-ac43-4676-af40-121ac473bc5c,2023-08-30 07:16:05,119.77
ec2f4e15-3ea0-4268-94a5-586f6020fce6,31e7405f-bdff-4123-9309-8b99d14e6cbd,a7ad3799-c0b8-4238-9ecb-c423b661b4b4,2023-02-19 00:27:53,76.9
d511d6c2-f7c9-47a0-8612-ecc32e318e46,693722bc-48a9-4e68-9bdf-ad4283026cd9,b78465a6-a904-481c-ac00-c089b98e3410,2023-02-14 10:11:12,33.41
82f7e5d1-daa7-4872-9d3e-49e9bbd719c9,d6690f74-dadf-4731-8eb2-7bc58197a8ed,6d0fd733-09d2-479c-9ed0-4e2affa6dca8,2023-06-30 14:25:51,145.36
c7304dd6-b6f3-46e0-b191-3c9677849f13,64074ed3-6b22-41a5-b787-2151cbb7c38c,646bc743-dca7-43cb-a8c4-d1eccb53f491,2023-03-07 03:54:29,2.95
e58da549-dc13-4ff8-9183-c911de7ba988,5dcf054f-23c7-453d-b499-541fa762a3ad,0e888974-c4d0-4f95-87c7-e95af311ddc3,2023-08-24 19:57:24,133.68
98a01460-c2af-4dc6-8863-80b1d61555cc,a2ddb9fa-a1fc-4690-8087-dced6dd99aba,8e2e0d7e-29dc-4b08-893d-e7659f67d186,2023-02-14 11:31:25,2.59
49cdc1b4-5e77-446a-a927-7de4892d3f20,35b80c69-af2f-4238-b5d6-f7c5425f4d75,bf44e262-49ce-4de9-a730-5a7660352b57,2023-02-11 23:33:12,39.63
5bbef64f-862a-4a16-a652-94882a43f73c,7595ebf8-1521-41bb-93d5-002369833d2c,6b37e37f-e2b6-4408-a823-de6e6b9bd901,2023-08-13 17:43:57,110.56
b819a0e6-9cb4-4648-b6d3-56edde24a5a0,85a47f64-b65f-4ef7-87eb-864548c6e238,01e37eed-8eff-4851-99d4-a6f520dfa84e,2023-12-27 17:51:21,15.24
c9aa06a6-ded1-4117-9c41-716b9ddc9b6b,803aaa06-0d3e-4388-9e71-f99b6270d8ef,41a282d1-c222-4ab9-9f4c-ba2924b79b4e,2023-08-12 14:48:52,31.96
ee723aee-0e77-4971-8db1-75bfa7bfd2b6,332f5f13-80cb-4d31-92b3-a0be48527023,652a2db9-67ec-43a4-b732-1e5894f95ece,2023-09-21 01:20:03,19.6
9c647266-7aeb-4d32-95c2-18bf261dc669,82b2b98c-cba7-4518-a03a-16fbfc31fa79,a209b7d8-c060-4db0-9b2b-c099454c425b,2023-11-19 13:29:19,151.98
0e4c5d6a-5406-4c1a-b2d7-45a8678f3bee,765fb854-a27c-4b54-a7ba-b54e2f066f88,8a9b29db-c2f0-4e0d-a836-1d0c00514787,2023-09-28 18:18:35,86.76
e25a47ac-8ba2-4e70-885a-2c600ce6fe14,cc124366-a8a4-42c2-9897-11805d605d21,431d5890-8f5c-4a53-b4bd-73811df86953,2023-11-27 05:18:26,61.72
46db8a6d-25d9-481c-95de-4ea74b43c5cf,2259288c-42ae-4fc0-af35-0c5ebbb9e587,de531a82-5312-49ba-8533-8524bcef2a56,2023-09-23 17:45:23,44.29
06ea2d2c-777a-40c6-99a2-ad046e574249,aba5e7ba-003a-4819-a3b9-ea57b7c3781a,5f5fb813-08aa-4d7d-80f3-77d12cfd9dc5,2023-01-16 22:47:31,85.9
d893c487-d306-4e4a-b9cb-e09b29df6aba,8df43997-24bb-4232-8fe9-aaa916cb7b09,71815cd3-23a8-445d-8bf5-612d8bb67da6,2023-09-14 21:49:32,24.9
f6395c93-38e9-4464-bb09-65a919b5931c,0b1481b2-86ab-490e-a29d-d572196b8e9f,95805232-02f4-425f-b0d8-d1b0c87b1487,2023-01-27 18:43:24,29.67
8a67f2ac-8d5b-45aa-8118-9fefdeeddd50,544fd310-ef2e-4711-9fbc-cf45e61e7b90,964bbdaf-40d7-448b-b793-4231838634df,2023-07-10 09:00:39,65.47
6db4980e-10c2-4ebb-a214-cbd3dd3323de,ab7369d6-69a2-45e3-bbae-62bdd08c191b,e8006535-818b-4327-bc12-f4bc98b213e7,2023-12-13 06:04:53,22.14
f51fa422-fe83-4732-84cc-9cf0b20d6a9c,7483b709-4249-4ee2-8464-168bc49a7e63,82e84490-08b7-4e7a-9cbd-0bb2a5e332e5,2023-06-28 13:04:52,3.3
f58c25b9-8d79-4573-a517-2855417ba8f0,f29e93e9-b1f4-4e16-96cd-5df7303c73c7,3423096e-3bb2-443b-93df-42e2622a8bd2,2023-10-28 20:10:53,3.86
806b7272-4b8c-46d5-8688-a79f09612b32,1620cd5c-9374-408e-8df1-2a8d2ab0b596,1dbc66f1-cb16-452c-923c-8062a857a521,2023-06-30 12:56:15,6.13
6dd19026-29a1-488a-9543-c32ceca564bb,51b55660-2c12-4a25-b5be-1569ff1bde04,c895302c-7168-47a1-84f8-df114c09db42,2023-05-06 04:05:47,101.89
048008d9-9efe-4280-919f-12cd941db290,8a21a644-bab4-43d5-bad3-54056be04ab2,43da6888-4f29-49b3-9275-50ffb0ceaefc,2023-12-29 23:18:26,31.95
900b68dd-691c-4ba1-943f-330993561586,09f1e5d6-5bf3-4253-82d5-311bd5b9d4af,50d51af6-c34f-4abc-8656-204770372e4c,2023-04-19 07:47:58,62.39
599b676e-e8dc-4ffe-a0c4-709d8d3ecae2,656fd532-8de2-4f7a-9dec-60fcd321e8c1,0a2f4a8e-957d-4cb0-a135-ed54c9c08bbe,2023-06-25 01:46:45,24.95
db75f476-1234-4cdd-94b8-cc83d03d0a1b,1449076b-7d97-4a50-886c-2c3add7b49f7,e7d00852-8d36-4677-a62f-5f7011fac252,2023-10-19 10:56:45,14.97
1b9fd271-700a-431c-8bfa-b2cbc6e34866,7d5203ab-9b59-43eb-b092-4fbb3a7a3d2f,d07f874c-d3fd-445f-8115-eabf0482e46e,2023-09-30 07:30:22,21.32
69270286-7dcf-4a41-b785-200c1b1e175c,053bd943-5d33-48f9-987d-0bd4ba48e610,455dd3e2-7309-4ff9-baf6-7ffce1db5f51,2023-03-16 04:46:29,79.04
67a3e792-0c51-4905-a823-43164b453944,b2501e25-3271-4be7-b66c-71aadffc946c,7e959e74-7759-42ed-bf54-82c560c9beb0,2023-09-08 20:15:04,49.07
5efefcf0-51e5-4420-8162-d58d2bfe6cc8,0ff7d768-4812-4feb-813d-e02948f32839,3f96774b-1e1f-403e-af64-078533f7af9c,2023-11-04 22:40:12,138.74
3c047803-2a5b-4a9f-a93a-c6d7079a6e98,5347e9bc-1d04-4d56-bb95-6fdfddac1c36,31ad5cb3-091e-456b-bad1-e260b9b68ffc,2023-04-25 06:28:27,56.93
4bbecdc6-b7f8-4d1e-a48b-9d9109fe7839,a05366df-065d-4d3c-ae63-e25dce942894,0131302d-2ed0-4a0e-baea-122f3eaf6ae5,2023-08-03 22:44:30,42.22
72eed8da-0e75-4269-bc9c-5d761ba0515b,656fd532-8de2-4f7a-9dec-60fcd321e8c1,b03c4fbc-13c2-45d2-b3a9-74ac1f34d52e,2023-06-26 05:12:44,47.11
1d8e5ecc-c586-4cba-95f8-0dae3dd8abb6,a741fdeb-25cd-42f6-bbe1-89edab1069e9,829e8aa5-9101-4929-b987-179990877aa2,2023-05-03 13:07:12,142.69
793ad4f9-3c63-43d1-a090-0ef979e1da20,bbf1a708-a732-4974-a5c3-782b054bcea8,3e62eb88-c2f5-4760-9d86-ed57f8cf02e3,2023-02-16 10:19:51,77.61
be50d6d1-65fc-490f-ac6d-050161669fa0,3188d4c0-949d-4bcd-aabd-f51f565abcf9,65e88e28-cb07-468f-a82f-055306cf619a,2023-07-23 17:58:12,1.22
ff49753f-7000-4529-bd98-1be91d078089,aa3a7fbe-286f-484b-8b30-199dc9c77e37,f5d9f127-c1d6-44a7-978f-9d0828e0258a,2023-03-11 16:30:59,38.19
af214ebc-fe8b-4fb1-a044-77413d0ccf49,152a9883-4d91-4509-8b57-3456a6a16c69,6128c384-a944-4cb1-b300-f07ec1179422,2023-04-28 09:20:17,58.29
a4ce6142-8ba5-4cdc-bffc-fa5421853ea7,466374db-3957-4d91-af2e-d59caa67b606,ec7245e4-0d24-4ad8-ba7b-78ff9df751bb,2023-10-02 23:12:38,69.06
654e62ec-19a1-4735-894b-79d71dd5519e,2c2bdf7a-1c87-4181-8031-ac2b55ec13f0,4e2aeb06-afac-4168-a020-745a566117e5,2023-07-27 10:29:59,11.99
9f672fc6-6dcc-4171-9236-67e28b605bf3,944a7134-95d0-487c-9f08-797d734932c8,1c6fca03-e366-47ad-b97f-85344c30f20d,2023-12-04 06:38:42,100.94
78c5ae66-312e-4a38-b6c8-1a0721f917bd,4ef7d48b-f7c1-4b86-b677-97559b7b1cc5,3a246d9e-764c-4d38-b2c4-e46f5f514b0e,2023-01-05 18:19:18,156.0
ec928890-0a4b-46db-8e91-b39056316ca9,ddeb9bc5-f937-46f0-b251-29960d7d9908,1a42ceaf-24cb-4590-8d7e-d261031fb2a7,2023-06-21 01:28:00,13.51
41930884-7e5f-41bf-bc87-8e518eac3336,0daa3e48-4318-48d1-a4a6-6b87d0781f92,ce91d611-8c05-43a6-89a2-c5d6875ed69c,2023-04-09 01:16:08,107.12
1a5b5c59-1c91-4443-9b3a-88fcb3c4d34c,3daa94c9-bc22-4f83-9072-616d30749c5b,6daf4992-b3a5-49f1-b3a1-1747c07c8915,2023-02-14 07:22:09,5.1
25b8ce0b-b7b4-4d79-b788-03de2d67764b,e7b85bd4-df4b-40be-91f2-4849e15014bd,6bcd3dba-824f-4161-a3a0-9fccf9dd390f,2023-11-16 06:40:23,2.87
70c641f2-155c-48b2-923d-05e9964fe66e,6facd109-0238-4b6b-add3-4909fad3e685,50847370-5770-48ed-ade3-cf47813fecf2,2023-02-16 00:02:54,6.92
8b9ab20e-4764-4cdc-83ab-8b1b5013667d,a0bfbb2f-7ccb-4322-95e0-08d14f5d58c9,e970c815-45cb-4fe8-9847-d80b083f00f0,2023-06-11 15:01:22,2.97
e1c095cc-1ba1-4bf4-abd8-c9bb71ff233f,e19eae08-2ace-4385-8711-e81cd8cdd3ae,f1ac560d-c3ef-4014-b557-63af7a296b97,2023-08-24 11:17:24,93.22
4d16f0da-3e4e-4136-bdab-3b543f5bd87f,c104b17c-07ff-4531-b20d-065f63ef60e1,8a573543-95e2-4ee8-9707-f877d3ce373b,2023-12-19 19:52:28,3.04
e464dc3c-a8ac-4b2b-af35-4dcf7a72943e,1661c2c5-f921-45f6-ab2f-8bbe130acb41,b2dab442-8fef-40cc-94bf-b2dc71065991,2023-04-26 11:31:55,15.85
8b43ad06-99d8-498a-acdf-c6dbd649d100,f430d073-d731-43b1-9834-073df98b9276,ecb0ab45-3dc5-4900-acdb-62549089860d,2023-12-01 01:20:03,5.48
d94b3aec-cfba-407a-807f-db45b67510d1,85ea32c1-31b5-44e6-8f37-f27f00fef5ea,d22e76f1-05bd-444d-bd99-4d0dca63df7a,2023-08-30 04:23:39,17.51
136ed055-2f4b-467d-a187-0cb6e8911e6d,42a681b5-05a7-415b-92ca-89758b28aa45,f7a408db-6aea-47b1-9b60-2107c86be2f5,2023-03-23 22:53:50,4.75
5d07eb6b-80ba-4114-a40d-23a66e875fd6,7ae65739-f659-460a-b085-0fbfa8f185e1,c60ad8b8-8b28-41ff-81d6-53cfa158df5c,2023-04-04 03:42:19,55.13
5f7c693d-4bc4-4b07-b087-74a0c5702dc2,ff34860a-b043-430f-819a-98788ac2b1eb,c23d1f14-c663-4c51-beaf-289398339865,2023-03-09 12:03:34,7.15
5aaf3819-b12d-41ad-9bba-4366a7cf0f87,2e39e0c7-8deb-4190-b7c6-814e02f8225e,1e1fd35e-fbfe-4472-a3e4-a5c5eee8b7e0,2023-07-02 11:54:06,95.48
b4beb41f-123e-44e5-8665-265c98b0ebe3,c8456e54-d984-4bdc-a037-ece986a52dbe,4b6cfec0-0b9d-4b35-a4c1-66629e5dc3be,2023-09-24 22:53:30,84.97
e2d6a1e9-aea8-4f69-9581-e3f74df2b605,2d504b9c-fb97-4783-a12e-4d307dedab21,4906bbc6-91b1-44cb-9564-b0f4a8ac2d8a,2023-11-04 06:57:48,0.69
48287442-af9e-46f4-a2bc-80e79f38ec15,54244985-b635-491f-b495-a6ec415d03ad,13788865-1ab0-48e8-8367-1aa319fc56c1,2023-12-29 14:25:14,113.04
5401427c-dae1-4ffa-8de7-56cd489885db,9ac3fb9b-b886-43a2-96ee-55ae48030b4d,8b236404-0acf-429e-a7a1-815c247437ae,2023-03-18 19:48:31,1.47
844fb246-3943-4e10-a2bd-63a45d11d2f7,152a9883-4d91-4509-8b57-3456a6a16c69,bd9cd52d-7092-4891-a3b0-2dc2c6b0827b,2023-02-14 13:47:33,13.7
a26a7b88-3d31-4fc1-9ee6-716edeb124aa,95310f2d-b978-449b-839a-9f7052aea042,965e562a-4087-4eff-bbf0-9b5c2d06e96b,2023-07-31 11:41:21,1.65
3d6980f8-c3ae-492d-ac64-df1c16ef873b,c36895e6-d58c-48f3-9e91-cece30bcff71,84eb0abc-e2c0-48a0-994f-9615b72a992f,2023-03-29 07:22:33,20.46
207307a4-7dac-44fa-bb90-32181aa82095,876ad494-1494-49c6-9a4c-4fa0a0f0021b,0b91354d-4c4e-43d3-8a1b-39f836aca4ae,2023-04-23 02:02:44,36.06
d87285d4-7d3f-4d7d-92a2-ffa900c7932b,c994a117-1fe7-4c90-b20d-ebe993c22891,8cc05829-7aea-41b6-bb89-9f36e3264e82,2023-02-18 07:03:36,79.64
4a2b257b-1768-4d3f-a234-10518a701cbf,d3c9b23f-d13f-4b80-979a-f613419ec074,89a602f0-ff70-4052-8b94-0c2bfdefdb14,2023-07-02 00:34:54,20.62
161acd19-a51a-44ff-90a8-d3e66a8244e8,0daa3e48-4318-48d1-a4a6-6b87d0781f92,98e346b3-e4a5-4bf4-80e0-824c915dcda7,2023-04-29 02:20:07,61.12
5b06f635-d0ff-4523-8aa6-ae6d3eac9f5e,10c8a32b-ca0e-49ba-830f-8560fb9da3f6,63cc032d-e395-4186-af2a-68e052edc573,2023-06-20 00:12:30,10.38
9c22bb31-ea3f-43ae-85d2-4d2fe970f28f,803aaa06-0d3e-4388-9e71-f99b6270d8ef,1bfebbb6-1b49-41b7-8784-66c5ba9e7e59,2023-12-12 10:01:19,69.43
651ee47d-2966-4fa2-a780-e8a14d458e09,96dd02db-a341-45e1-9506-4590cd8324e6,82aa913d-e888-4f71-b923-e39c8149f583,2023-06-17 18:47:56,13.46
393c4bbf-bc97-4c61-b8e4-871a9ce8c11e,9fd8cde4-52f4-4b66-9998-7237173010c9,780f68e7-4cbc-48dd-b730-1aa200e32246,2023-04-08 05:35:52,7.75
f13fab3e-9afc-478f-93ec-cf41b430ec70,8ff8941b-3367-4ac4-acf2-eec864db1f0a,36287d34-019c-4aa7-a66c-c9853fb956c8,2023-08-17 00:22:56,10.25
c3c35548-520f-47a9-9d1e-262a1a5d9b25,8a21a644-bab4-43d5-bad3-54056be04ab2,fa191ebb-b651-405f-89a7-8acf6c9a060c,2023-11-16 00:12:03,10.05
d68ddb79-41da-4c7c-a7b2-5091acddae22,2e774166-e972-4d6b-8c22-703ee87d431f,6cd3ccea-f139-4ee1-b646-fe778e807bd2,2023-04-15 16:01:29,35.96
d8ec9fac-175b-4427-b1eb-7dbad3132a22,ae9c43ac-a518-4893-b9f1-749fcbf58979,ac2ef5a0-f9bd-49f8-8883-b7662b279365,2023-10-24 08:41:29,93.15
7baf16e6-6d27-4759-9529-e66647e65ed9,03c96f66-8d9b-47e7-a6e2-2ef6253543b5,07662d91-36b3-44fa-960d-300b3db475c4,2023-06-21 17:52:36,4.15
00660d0a-f080-4221-b8ff-006ca6228f4d,a0bfbb2f-7ccb-4322-95e0-08d14f5d58c9,46aaf64c-a8f4-4ee5-836b-05e7d46c0d26,2023-12-22 18:25:02,61.37
e7f67570-c938-41c1-b372-95ca102a8940,0c73522f-b29e-440e-ac4b-6fac8a60b8ae,c94fa78e-3006-4de2-9e34-17c4791ac069,2023-04-19 00:36:25,53.12
4873c7ad-8b19-42aa-8da8-5f2dcfd9e50c,96b2f304-9d22-4fe7-817e-d52979f4fd8f,756defa3-e317-4011-9171-9e817f6c5031,2023-08-16 07:40:03,102.99
2a09fce9-3803-41e5-97e8-e360657eeb9d,f8bda299-bbc9-49a1-b556-da45fabe509b,b9bc5d78-8e97-434e-9262-60d2978b2e19,2023-09-04 12:37:20,14.0
601a0a76-4f05-4642-b999-110d021e0f0f,d75eeb18-cfd3-47fd-8e6b-941f38a7bde2,7fdd95be-f92e-4253-bd5b-cbd526debe2a,2023-03-04 10:59:46,29.9
c9c48776-f405-4812-99ed-3a6cda299e17,2c2bdf7a-1c87-4181-8031-ac2b55ec13f0,11c173d8-67bd-4173-ae4f-6ccc768d9cce,2023-05-09 01:59:34,130.07
a742cc6e-09e1-4d50-91e9-79782d4daaab,c376db46-9a8e-4de9-bf22-1209462b5cca,0531e0b1-9353-4a07-8457-6ad630cebe06,2023-09-27 09:30:26,53.94
ddff7ea6-077f-4777-9893-81fba39f6863,d7703b87-7b32-44b2-a5b2-332485e7623d,29e22082-bec4-468a-94a8-37e57890e4ed,2023-01-01 10:43:43,24.61
dbf76774-ee5d-45c3-a28e-7c9415384f9d,8ff8941b-3367-4ac4-acf2-eec864db1f0a,fa2233fa-e24e-4ad8-bd1a-355270cffab7,2023-01-22 01:13:07,7.04
63ba6f84-41bf-4e3c-bae4-369923faa173,e307e298-4f93-4fdd-bd8c-62c1335a757a,bb062caa-a832-489f-9d80-9e14ee38f15f,2023-05-21 12:01:40,15.22
ecf0928b-d352-44d9-bcc0-3da96bb99a4c,6e1c3d79-14f0-49a2-b452-50a5c40ce6ef,a2b1da30-5d23-41d9-adec-31dee8d7488c,2023-10-23 03:37:30,43.52
70cf07d7-8362-46b5-adcd-5c1a13c8a2ea,6fbc052e-ba42-40f4-b33c-1f5036b12ca0,78644986-58ac-43a9-9328-bfff43e78fd9,2023-04-14 17:08:40,63.32
28e257bd-ec2f-4eca-a42b-aeaf762b00b0,3d653908-051e-4a24-9e1c-d2097d8dd153,163548ec-f023-44be-a12f-61373fbfd395,2023-06-20 03:32:16,6.64
03cace46-a53a-47cd-ae96-0ab573f60e2d,a47b73d9-5b1c-4cae-97a2-b714c45c80b1,b3765485-1f54-44e0-9adc-6826e1370d81,2023-07-08 05:50:29,45.76
9c84a93a-9c9a-4948-9829-89d9ada5b4f1,16129b3a-17d6-4c68-ae5a-0f5d34d95131,8a0efdd4-8ff7-49c3-b650-653391a96e7c,2023-05-01 16:24:04,39.96
ead101f6-0f4e-405d-8603-e619b4fcc6bd,e307e298-4f93-4fdd-bd8c-62c1335a757a,ac676a1c-392d-4727-8c62-7a0432636c1f,2023-03-29 06:21:42,36.07
fa1deb18-c799-4594-831e-aed30f260ffc,099015b2-6236-44dc-8165-5ba8c119dd82,588509fc-a2ac-47a5-bc83-f15e255a6b40,2023-12-21 13:07:23,58.58
69f22777-6e65-4223-9563-8d7e2103073d,d2bf1471-3bac-435f-9db3-bbe86c8a6670,97aeabe9-35be-4414-8ea8-dbb70601d89c,2023-02-14 01:32:03,90.84
14664249-39ad-4147-930e-5495e6e4ca52,d44823a3-82a9-48ac-84d2-5966a7b7d4f5,49f26466-8799-4418-874d-240a09626fba,2023-04-24 08:20:48,19.5
4d3cf347-0f93-4107-88bc-62601641bdb4,099015b2-6236-44dc-8165-5ba8c119dd82,cbbfb9e4-5a93-4878-9c41-7000cdab0c22,2023-07-07 09:13:19,109.92
68e2002b-5bb6-4baa-87b8-904dead029ff,f570da4b-e9ae-4b61-83a5-de15bf32cdc2,82d5db79-09b9-4ad5-bc3d-f3b0d8d7b1d4,2023-07-03 09:24:26,8.76
642aad13-6414-49fa-8ead-78441db52e06,af90e486-f1db-4696-83d6-3784bde095d4,94846395-20be-436a-94d2-6717c2337d9d,2023-10-17 19:57:02,9.5
893cc788-4434-403f-855d-65e132ef58e6,16129b3a-17d6-4c68-ae5a-0f5d34d95131,03f5e436-34de-42e8-885e-68e66937f307,2023-06-11 03:32:37,15.51
a3e5d3a0-4ecd-43d8-81bc-1fe17501fb40,bb53be3c-9d32-4077-a79e-2e996e194a82,d6e99aa3-25af-4f63-bfe6-3cc02a8497c6,2023-07-17 04:27:29,6.37
e49a04fb-d288-488b-9122-bc9226301700,7ea0ed75-63bd-4891-b210-6fd5beb747ed,0814c048-703a-40f3-a7e7-0cd36649fae4,2023-01-01 23:54:35,13.09
205195fe-8e24-4b78-93cc-f707be70559f,3e47c2a1-e169-460b-b641-b42c9fac410f,f7373ae1-f937-4b38-8dda-d98bea38c07e,2023-08-16 22:39:21,5.63
e0646545-ad8f-4f2d-bef0-546309962649,96108242-5958-4bfa-9d54-0a3ee0305a6a,0cab25d3-bffd-41b8-adaa-ba7bda3f7fc4,2023-07-10 03:46:43,86.23
0503facc-5862-45f1-b684-824b6c165640,7e64d062-d5aa-4389-a93c-e169155d1909,c16125ec-b258-4f65-83e4-7fea12d75b15,2023-10-24 06:29:19,7.48
a35f76c8-ca94-492c-9b06-92c632fc3478,7685d0c9-30bb-4588-8c49-03fbaceb6a9a,78047e43-f1a1-468e-8600-7b5dfb6da900,2023-12-29 06:48:47,68.78
77887dba-26de-4627-aded-120db030e12f,e929761b-1fa1-4970-8e2f-78c32abf36c7,80110865-2071-4a3a-b8ab-25b905aed070,2023-12-04 17:16:30,2.45
3366e85e-1b6e-4e70-a868-127d2197e0fc,4521d9fa-545f-4a1f-96cc-b3fc8fac2e47,cab9c8ce-4efe-449c-919d-0c4e7a7bf734,2023-09-28 21:09:23,148.33
f1b44637-9887-4c18-b5e4-bf5725b5f320,466374db-3957-4d91-af2e-d59caa67b606,83e12ef1-65bc-4b5e-800a-387f89faf1c9,2023-06-09 12:42:05,62.09
df9388d0-1acb-475f-917f-cd09137b6064,7690112d-6abf-4c99-9654-a411278be614,9799bec9-6633-4ef1-8df9-f8a3e81e8ad6,2023-11-12 02:52:44,0.34
ed510caa-3e58-47cb-967a-d45ccd85cf5a,26f89caa-fb80-4ebd-915b-4fe2036d82ac,81fe8511-7791-4f75-996f-a2aa44ad2ee1,2023-05-29 01:19:54,72.17
f51b40fd-7229-4d9a-8b8c-1e5b96318ccf,ae38f64d-c634-49bc-9dad-aa9607f0cb22,ff5f8fad-7181-487b-b922-0914f63cd3da,2023-05-30 22:30:53,36.09
bebc5c4f-371c-4b6d-b26d-5014329ed2a7,66c73309-c8c5-4c24-91cb-214691007aff,82b9ab59-eb5f-4e15-8afb-f225a94c8599,2023-11-04 17:38:39,75.56
64e181e4-9e34-4fb7-886d-d8f1899b3d90,5347e9bc-1d04-4d56-bb95-6fdfddac1c36,be13ba9c-c0ba-4df4-b6e5-2d14f586d3c7,2023-11-15 17:55:17,36.96
3e9bfad1-01de-41b6-98cf-917d5d06b05a,179cc048-d50a-470c-aee7-e14278b50d32,f1a5e9ed-cd2c-423b-8bc0-6ddc5e593a95,2023-03-01 01:43:27,51.23
d59227e7-a841-4cdc-aa06-8c55310d4df4,cae8c3ad-2588-4169-a209-36865cf10061,4561b05c-19c8-4698-bb6e-062c24cbab78,2023-07-15 01:41:34,77.17
aca354f9-c2f1-4231-a2ee-d7272cf9e48a,76014403-81fd-40bd-b3a1-1eea26178e21,b3c8eb45-0635-403c-b1bc-b6b252fcab60,2023-05-09 22:24:53,25.97
0bdf5a28-6699-4b0b-aa40-8e960a46eeda,81f90ddd-f7fc-46e0-ba11-d0f8ae3bc50d,5729ff3b-40c4-4a2b-a2b6-1ccee2905624,2023-12-04 18:11:40,0.14
c48f2ea2-d609-4c74-9815-4d33b9294580,944a7134-95d0-487c-9f08-797d734932c8,dc93d607-2b48-4fa6-a698-821eb233c69c,2023-02-08 23:27:57,94.84
a04a360d-d2f7-455b-9847-42cd5d120191,358a6639-1d35-41a7-a5f1-124058ffa6ad,f7feb672-59da-4dbd-a124-4cf9e5031257,2023-09-12 07:00:15,23.97
0eb40098-dadf-4cc0-bb26-b78b564da127,aa3a7fbe-286f-484b-8b30-199dc9c77e37,92429a00-e28b-4369-8559-ea416fa612e0,2023-08-31 01:11:55,34.26
3143ca72-0ac1-4f47-aced-33c487bc871f,659ab890-a915-4671-b791-8fa7c130c704,70f6eebe-4ab3-4382-9f4e-898f5d69ef41,2023-05-03 23:29:45,0.39
fd043a78-adf6-46f2-81dc-a63eb745ae61,24667fa9-7bd5-43a5-88e2-cf2051221ad3,aca1014a-1dd1-4f32-acfc-1ff7ae30a632,2023-09-01 10:11:30,33.87
b4604a8a-9dea-43af-aa0a-94f11a9001da,90f32ea4-de73-4f5a-8791-0db59fb83e82,a3ecf45d-cef1-41fe-9bde-c066b9de268e,2023-10-07 02:55:54,215.21
9690c0fd-796f-44cb-bb07-866515cb692a,89849918-0f00-4792-9988-4f9e60a82c76,32bdd5f7-2fe8-407b-8b00-d74f38952943,2023-09-03 02:50:49,16.31
bd3f056b-70e7-4bab-b0fb-9b2e8ce66b05,f6d9f6bb-bc32-49ea-b062-2558ff4cbec4,27665799-d9fb-46de-b229-3faf93f1beb7,2023-10-23 07:09:33,25.16
c43b3340-55be-40de-a31a-e52c15f94e44,531454d9-7b3c-4998-8ab8-7efce9ea6961,bc661eb3-d057-487f-86b2-f4a726d8d58f,2023-09-04 02:57:28,58.11
77a3df31-b820-4d0a-81b4-4bba5bb407cf,e1ea0331-f175-4db6-b65c-e0ede7b283be,ab7afded-e50c-47c0-939d-d810b16a527e,2023-02-09 00:47:43,84.31
22e10bc8-7065-4a36-814c-ff548e50df09,aa3a7fbe-286f-484b-8b30-199dc9c77e37,f92e7124-fd88-4fb9-afbb-2e785e2fc67b,2023-03-06 14:37:55,27.01
c47f31dc-1d15-41d6-939a-43cf581b2611,ff3b2434-8059-469c-8916-0b870012fd06,9e6a6ea9-f394-48ba-b3ba-33c8a2d771c4,2023-01-18 20:40:00,18.53
0e593158-e623-4c2d-8329-b7d863fb8431,f7c0e15c-fbf4-4d6d-ab55-3cef1537cdd5,b7bae00b-feba-4d9c-a1dc-52a71fa50849,2023-11-06 04:35:41,138.89
750a0cb7-9567-4e44-9dd6-7dff0091775b,56c04fc4-cbae-4b04-aaf7-13f61d9c0c15,e069a66f-5645-4f89-b32d-b61d99b83d3e,2023-05-20 05:07:13,56.53
320cfd66-5ba2-42d2-a365-58e91aa05ed2,59b685bf-a197-4a6c-bccb-fbf4114ba24c,68899a95-ee54-4855-954c-a42038f6c9b0,2023-02-26 12:48:31,6.34
4d89fbfa-fc1a-40f0-bce5-d05fc69f3878,7e64d062-d5aa-4389-a93c-e169155d1909,2afd60a2-c413-4dce-bcf7-1bbf70d78dc8,2023-03-11 22:15:06,3.57
5fccf136-b85d-4065-90ae-c850bcbb71e2,765fb854-a27c-4b54-a7ba-b54e2f066f88,4d2f1146-b1e7-4a06-9875-c7c1c0dac770,2023-03-08 00:21:44,33.04
129a305c-5238-4ff3-a56f-e2a8eb90ee6e,6c9fe980-bfbd-4ba6-b797-c581d183131b,e08e82b1-6fff-4f30-aafd-ba824c98cc5d,2023-12-21 12:10:59,12.43
24e647eb-0d13-4ba5-8387-ab5840e4799c,fc8d083b-c847-41b3-badc-b484f522ff10,fc4ea8aa-a979-407f-b647-474a179e636b,2023-08-15 11:25:06,14.65
e697b3de-b340-471d-90db-56d052e2dfed,ab7369d6-69a2-45e3-bbae-62bdd08c191b,9773fbea-08b3-4e0f-9b90-1ce578e79cf2,2023-06-28 11:30:27,105.06
db3564fa-0a09-418a-9f22-667fd21ad6b2,c0352b55-ae91-4504-be29-3f50aa933d82,973cf7ad-8fad-48b5-9abc-cbb95b07840e,2023-01-04 15:35:25,4.69
8cbbe63c-d10a-4821-9522-e735b0e6f0d2,13429b1f-e84c-4629-9f8e-35ffbd8892fc,f9ad06e2-422e-4b0d-98f4-b287a225b714,2023-12-16 23:52:50,62.83
5909cbd2-3f5f-4b14-a2d9-adf35a6a6e9a,d6690f74-dadf-4731-8eb2-7bc58197a8ed,22ffa904-142d-4cd3-86cc-f4fca0981663,2023-04-22 16:55:17,15.81
4667f302-c12d-4515-b596-5dd45602b3a1,28e3fe87-d00e-4275-b3d0-a3df5ed43987,dd21ad7d-dc94-41ba-a56e-45605e630d1c,2023-09-21 03:47:28,71.42
a14a124d-8ed3-46d1-b160-73859e239496,5003e3bb-a661-4fff-afd7-7b1631bf3222,acb6edc4-2d3a-400f-ad18-e02bf8c6683a,2023-09-06 03:20:25,64.08
3929e32c-bc2a-4acd-acc1-cb64650a0530,e6d80115-4636-4b4e-b4a3-71eaf5097fdf,c3ee721c-7cbf-46a9-bc7e-0a4d465cba9d,2023-09-26 02:11:17,0.37
e947cda5-bb21-4827-88c9-2fa21feb5e38,d9a1cf92-e7e3-4d62-956a-be4f36a64781,d815ba26-273f-4d0b-967d-0b24da35674e,2023-04-28 07:58:41,35.58
36f56bf6-13bc-4231-80de-259b706e841f,a44d4e1d-f92f-4fb9-920d-bff3d2f27b2e,bc770e12-d3bc-4ad6-94be-f2d1c689981f,2023-05-30 09:36:03,7.5
8a0ee02c-464f-4678-8f6e-8786d55a8918,2ed7dbaa-f401-47ee-acae-0a97e61e9358,0bba0ba5-b9c5-45de-b964-814cc187035d,2023-07-07 15:49:32,100.58
d771692b-14db-42e1-be27-280aa29e768f,099015b2-6236-44dc-8165-5ba8c119dd82,74064344-fbef-49f4-b0f1-1f1cc887222c,2023-04-03 02:55:02,102.62
98f60b1d-dd92-443e-b89c-1ea2af56434c,f29e93e9-b1f4-4e16-96cd-5df7303c73c7,46c9c925-64e8-43ce-9302-f78dee769dc2,2023-09-29 13:45:12,27.09
677b0ab6-05fc-4475-89ae-d7e59b8b6d0f,bd511c53-583e-4135-adf0-fe85c465d75e,6d11a587-eb91-4fb5-9455-c4f8a2828392,2023-10-17 09:30:28,29.38
356cbfc9-6724-4116-a598-3caa75a02e0d,f9fba80d-9b84-44f5-ad1e-4e1d61bdd7a5,0dd51cb6-c196-4ec9-a36a-596679d4d796,2023-11-08 10:32:51,18.07
a1e87b0e-dffc-48fc-8574-ce7466978c6c,d9a1cf92-e7e3-4d62-956a-be4f36a64781,63c16bb6-8a0d-4cce-b36b-864dfed9e075,2023-05-17 19:52:09,63.05
172d6f8d-2e0c-4dbe-acc9-c759f00598d0,d6690f74-dadf-4731-8eb2-7bc58197a8ed,08740e2f-0561-4af8-b069-a45b7d72f287,2023-03-27 01:16:12,22.21
af35cb83-d7eb-475c-b9d8-33b63e7db558,d75eeb18-cfd3-47fd-8e6b-941f38a7bde2,e3d21b09-051a-4ee9-b76b-6198d3b515c9,2023-10-07 23:32:22,15.58
bc2132b1-5ede-4200-9fc4-4e08089628ea,e07b0de0-e653-4236-bbc9-837112066e88,ebf46ee9-9e87-48d8-9733-832e6474adf3,2023-10-26 01:20:45,28.3
798b5e06-06f7-4d7b-8d6f-92ea65ae8477,ddc5dfaa-98e8-438a-b0c8-a84583657760,4cd4b67b-e5fd-443f-ad0d-73808633003f,2023-01-13 22:58:47,4.8
79997392-20df-475b-bc2c-34876cc93d78,848c3626-6d8b-4591-b8fd-0ed9537bface,529ea147-a96c-47cb-8116-fdf3024e68f5,2023-05-22 16:45:11,68.64
2a82b77e-de6c-46ee-95d2-e9447dd88ba6,60d4580d-87fa-48f2-8439-7680f74d342f,30ef3f83-d28d-4063-b0f6-9bfb50c52944,2023-12-20 06:20:44,0.63
441168ef-931d-4006-974a-800fc2e4f853,ae7b5cdb-0f5a-44f6-8acb-1de604d82a17,949df2b1-150a-4a60-b298-b17070e4592b,2023-07-29 11:38:40,51.71
fc249826-9e40-485b-b6ae-6982766fac7b,715afdda-594d-4fa8-9018-dbf78c6bbd62,deec0a3e-ceb7-4a08-9351-75fa89dae7e7,2023-12-21 18:18:56,10.1
d32d4450-989a-4e73-a592-46d654ee1f33,c0352b55-ae91-4504-be29-3f50aa933d82,ca6ed0f3-7d1e-4fe8-9d4c-d1769dfaa233,2023-11-19 12:33:57,13.22
739bd87e-8fc8-4bc0-86a5-b9fbc23fc841,5347e9bc-1d04-4d56-bb95-6fdfddac1c36,1086a559-ae65-49cf-a6db-a8d64f3373f8,2023-07-07 03:08:50,50.48
85c81418-8190-4cca-9485-ddc6e8fa0e05,91d1111e-8ea4-4028-bbf0-2561bef02344,b4f0dd53-88fc-4262-b92b-5585af61336f,2023-04-25 14:55:03,247.69
ab057cad-1b82-48d0-bded-3665b45b77e9,96b2f304-9d22-4fe7-817e-d52979f4fd8f,523f4a97-3e00-4311-bbf9-0941dd2b9fa0,2023-05-12 13:03:17,75.19
ae4986e7-0d67-4224-8ae4-3bebff331ac6,f74e39c2-da26-4fbb-889a-4ec0989adac3,4321e821-44f5-4238-a220-33f6e2710bc4,2023-01-30 05:50:27,12.8
8a76169b-8886-40a9-9857-ac2044205e72,b8b2d955-3938-4442-b3be-082345583013,3d462a02-fb77-4ebd-bcec-56d0af60016a,2023-10-20 21:12:04,9.68
1a16a835-67d5-4679-a905-04c6870d0f88,2e64e428-86e4-46f5-97b8-6814ce651017,8a477e55-ec18-49ab-9052-f8d234a6f5a0,2023-10-09 06:11:20,100.58
ed6fa0fc-09c2-4796-a36a-834e22bdcb4a,b9d6d727-400f-4ed6-91e1-5ca71be066f0,27209636-f0ab-43d8-9f08-d7f4f30f8edd,2023-02-05 01:41:01,29.37
a7a1194b-ae33-467e-8f4a-b871239f14db,a44d4e1d-f92f-4fb9-920d-bff3d2f27b2e,1ea7887b-dbfa-459e-9f76-78a15d33c4f1,2023-11-04 01:41:24,7.37
2aa3772d-367e-4d02-b823-d0367681d446,a05366df-065d-4d3c-ae63-e25dce942894,ac610961-2dac-48f7-a2ee-1eca60193671,2023-06-03 05:42:05,99.1
41958c31-58e2-4a72-8583-6fc54bf58cc8,9ad86263-b936-4140-a58c-b8d2f0ba5984,4affe3a3-90ce-4793-8597-8c31c58b0ffd,2023-04-13 16:55:57,84.67
e8c10105-2c26-4099-a673-8daf9f10e8bf,44b948ea-70b6-45a3-9c76-810a8e02ca0f,981d03db-4645-4759-ae10-6d49081efa26,2023-09-19 07:12:54,206.47
1e61f6a9-e4e1-4702-a536-352431a30402,466374db-3957-4d91-af2e-d59caa67b606,ccc32089-5df5-4ace-958b-4a94551d9bb1,2023-08-16 00:29:41,120.26
a5d629e7-ce77-464a-b073-b1aee17ae059,2c3dac39-04fd-40c6-9166-bb8b440bb489,9c9a84ae-63e4-476a-a3f5-c06beae6116d,2023-08-25 22:22:41,95.46
55458a62-a266-4f43-b6a2-4529574ec669,bb2576b0-4634-4eb4-ac88-fb2ec274c396,25c51234-152a-4a9f-8cfe-ddbb2d4f322c,2023-09-10 03:21:00,2.7
9567a26e-0d66-4e57-a6c3-f14811cbfcb3,e2425c82-00fb-4a7b-ab55-091898fbee0e,390e9f37-716c-4aea-82bb-95c12f24e7b2,2023-04-29 04:53:00,5.51
9e77636c-8ad0-4c09-8bb1-4c58edf9c4b9,31c38812-4342-4b6f-92d0-73eac050bab8,ac5bee10-1953-4829-978b-539d1eab3cc7,2023-07-11 07:35:39,42.08
df22675b-6f99-4a72-ad34-49248c446aa5,d9dfa0c5-5e03-4ebb-bbc7-93dd4d807957,cee7497d-a596-4674-85b7-d8d02ce9a067,2023-04-02 04:29:41,37.91
7226271b-abba-41f5-86b8-85d9a16c9f08,47b7373c-17e5-40bf-bc56-875fe624aa2b,0fbe68df-616c-4307-a144-22aef007a2fd,2023-09-28 11:42:04,30.62
5c89aa2b-4189-46ca-bd5e-3fd2b54b4100,1035f33e-2dc0-41d2-a40c-4d8f250f0847,740a0833-7d79-4146-848f-589288d82961,2023-12-10 20:39:16,25.27
80ca93dc-42b5-45d3-82dc-92e1c920fc44,531454d9-7b3c-4998-8ab8-7efce9ea6961,e8a44be0-f0f6-4fba-9afe-5131189a1570,2023-07-10 01:02:41,28.21
b17ca169-67fc-47b6-909c-89d37c2e9029,12fa9dd3-cf93-422e-abcf-b9a2c045e49e,a7f75356-d946-406e-b04b-f8cae3e8177a,2023-09-26 01:52:55,42.12
95a5279b-0561-4a2f-914f-92bd04ef67a7,9f8ed6ba-c003-46df-8eaa-79cbb2552e5d,905d9b69-41a3-4dce-af41-76353382ddf2,2023-03-26 09:06:00,0.1
614526eb-6f52-45e6-805a-9ac7e15ae591,e3fb7d75-6396-47f7-b9a6-a1ce1c569f75,1459c25f-3539-491a-914e-ee56a8095b48,2023-06-22 04:37:47,15.1
d1269c24-603a-47e8-8631-7948236637ec,7acebde4-8221-4275-a514-5fe088c66a00,13632cfc-b183-41fd-a6de-7f6044964982,2023-04-02 16:43:45,36.52
e6111be6-fa50-47a6-9a39-cea7582e7a16,15e2e6eb-2471-4eae-a8ae-de81d2ef4b54,ac9bc91c-78f5-4472-aa88-588bafe13ea8,2023-05-21 20:28:44,64.05
978295af-6b31-4351-ba3d-bbb96c73cf46,80f4acea-1096-4c92-818b-57a11ec80e39,fe0a337f-5163-4fe6-bb8c-42dd58f3087b,2023-05-20 07:04:57,9.57
e8c66d02-ab38-4238-9eb0-d5e5786c972f,a00e092c-8ae2-40a5-923c-be7a7991d393,e0b8dc98-bcb6-4a04-a30e-ba0e226f3f9a,2023-11-26 08:14:31,39.58
e66cb3ad-a115-4354-82d4-b3049232d6d7,d8ec7459-7168-45a1-a795-e738cef4d690,bf81426c-1f42-490d-86be-f9c8b93ab968,2023-01-09 07:03:57,62.67
658f563a-4e74-4321-84a1-e0a75d6fd6aa,b8b2d955-3938-4442-b3be-082345583013,5c54a480-3cf7-4e3a-8388-a664cd4f1988,2023-04-05 14:13:35,29.41
ef15f287-c0c3-4883-a428-be16c449eb33,c325f669-5655-4a9b-8219-9fe784f72809,aa405c0e-a3a6-49b0-b7a7-9443a0e3381d,2023-01-27 15:29:34,1.37
2132e966-6d4e-4b3e-89f4-3b8e6bef7ece,5970e80c-3069-430e-8bcc-f0117083a94b,1625f1b7-8c42-4fbf-82c1-a9161951a833,2023-04-01 11:42:18,29.83
4231c129-d2d9-435b-8b8a-62888f97a494,ad42a27d-2aa7-4099-96b0-cb36bff24575,69e64d52-1fcb-4aa4-83c5-7126486cd970,2023-05-08 14:23:49,17.58
903d4eac-4e5e-4db1-a309-6f8929f062aa,179cc048-d50a-470c-aee7-e14278b50d32,abdf70c9-f210-4695-8470-82e913e3c0fd,2023-10-28 17:38:17,132.71
67301610-fc5b-4d44-986f-febf66a45f72,b9d6d727-400f-4ed6-91e1-5ca71be066f0,39f8af45-5c60-4388-8a5d-5cb0c167624a,2023-04-08 08:15:59,6.65
755a33b1-899f-4dce-85fb-1418637a388f,1449076b-7d97-4a50-886c-2c3add7b49f7,825b5d94-4433-4093-9071-216226b6679a,2023-03-09 18:25:51,52.85
404e7231-96f5-43c9-80eb-2094e78084ae,e1ea0331-f175-4db6-b65c-e0ede7b283be,78ca55ca-c419-4ad6-a4c6-2fe7495082ea,2023-12-03 11:52:46,2.71
698112e6-7fe1-4c4e-8b62-f5c8d7a8bd51,f81703d5-ae90-46e6-bbcf-240c52f703fc,2bec3a39-79b9-46c4-a9d0-5ef19b58d302,2023-01-11 00:17:18,29.54
916b911e-a99f-4e2e-a7a7-203289f9a8b2,a575d221-0503-482f-a78b-a53c6de71fcf,6cc90eab-226a-4a3a-9ec9-8c97ceae31a7,2023-02-21 04:29:42,40.37
ef625533-7cd5-4e99-9db6-306808926b3d,9f8ed6ba-c003-46df-8eaa-79cbb2552e5d,2114e30f-f506-4775-b029-e0ed134d0ec7,2023-01-06 18:30:29,17.69
8cd58742-ec67-4560-b72a-ab876a688c04,f430d073-d731-43b1-9834-073df98b9276,9a4eec79-2422-4810-8da2-98b1d5cf06ca,2023-11-03 19:11:26,30.36
5df98de8-6462-4fe3-a6a6-3db322e0b13e,26f89caa-fb80-4ebd-915b-4fe2036d82ac,105e300b-a4fb-4891-9880-b22448970e88,2023-08-17 16:30:25,8.93
bb0bf03c-48c4-40cf-aa05-a1134f6e3afd,8b5b8767-8c9a-424b-b95d-1f12350de005,019e995c-2f08-4f71-94fb-019aaf2c6818,2023-01-07 03:05:25,18.13
e499b0fc-af16-4d6c-bd37-ad4aad97688a,2fb54012-cecf-425f-9e4b-036d5868e5a1,b3f58d15-afda-4977-8187-ef065ee33285,2023-03-09 16:05:32,48.52
57763c37-bfd9-4409-8df2-0c8945c27750,433126ec-002d-4739-84c6-4af51edace22,9641cc07-790a-492d-821b-1c34cf2a5262,2023-01-21 08:23:39,17.96
b35b4510-4f0e-4117-8b1e-7bca487df716,1a1b6b25-5db6-4c17-95f7-7b7bad2170a7,c19c2d67-bfdb-425b-b591-26cebd9d4bc9,2023-10-16 01:18:48,115.0
65e223c5-eb10-4818-a278-7246fc305c79,2886228f-e755-42e6-aaca-39454171c861,353b8680-6ea5-47d3-ae2b-25b558149e12,2023-07-24 07:28:21,49.5
201f10e1-280c-45c3-9eb6-3c9d2497d048,d29a36d1-6e7d-425e-9e99-c0e06d02965c,6539de97-db04-46a8-b80e-1f7814158cda,2023-10-17 14:06:14,28.87
6641d670-edf0-48c1-9f28-7867c695f597,76e19f03-e3c3-4ac1-87e7-70a19d673fc0,abd9eb77-098e-4534-b598-8b8248638392,2023-05-21 14:26:52,1.98
70d0019a-1b78-4f69-990b-21a1bc0511b4,b46e880c-5c0d-4321-a63f-03c4b0f6d84f,43800a0c-82ba-4e25-b4be-ef6d1c5c6456,2023-07-19 07:43:28,34.61
0d1de5f0-bcbe-4dbf-86cb-a34b61325aa2,9f868448-40b4-4a24-a96d-a0296e132167,c7036233-d574-4654-b6cf-46852e95d5cb,2023-07-15 16:07:01,72.36
eac0f014-2262-4698-bc78-5677ab9321d6,26f89caa-fb80-4ebd-915b-4fe2036d82ac,78e9e073-2c1e-4d6a-8a9b-8364fbbb223b,2023-10-10 10:23:45,15.43
dbc99def-9159-4728-9117-7b20775c1423,7df5fe26-280c-4d07-ab91-11f2e153893f,3262218d-0444-47c3-b97a-98672064ee53,2023-11-01 04:12:16,82.19
0b3699e1-d418-4602-ae93-1430aa70b044,6c9fe980-bfbd-4ba6-b797-c581d183131b,f578ea38-fff7-4055-91eb-0ccf6a4b7d15,2023-07-22 12:16:39,14.5
4fc18db1-1d4e-4d13-8ccc-cfc564bc8291,ee83d835-2eb4-42a2-85b1-134b58da1780,0538ea99-50b4-481d-a541-85baf2c9bec2,2023-06-05 23:20:38,86.79
d81a07a0-cde2-4c9f-b0fc-013f714878e4,204fe2c6-1387-4c99-8c09-e8c34809c9d5,afb015de-7087-45bc-bed3-f679d389f998,2023-12-16 05:46:25,4.46
6add548e-2e00-4422-85c9-1a4562ff26e0,693722bc-48a9-4e68-9bdf-ad4283026cd9,900ab389-24f2-4f1f-bc24-1ec452aa6d61,2023-05-06 02:17:59,100.56
c2135188-f43a-453d-bd5d-059c547873b1,ae38f64d-c634-49bc-9dad-aa9607f0cb22,765be110-b897-4cf7-ad0b-43e468257668,2023-01-26 12:12:10,34.58
7b76ab3e-1b42-4440-8f08-b47a31621824,f202bcb7-f1a9-4d31-942e-cdcbf1dc4ab9,d5a69632-c5b2-490d-b8ff-186aebd13421,2023-10-04 13:44:42,17.59
ca8f8bde-7453-4a54-a3ce-81b28d1085f1,054f37e9-9e4a-4cb7-8a9f-ac5a88ecfa04,f46414b2-cfd4-48b8-8136-bbf68e35a6eb,2023-07-26 01:08:53,15.4
5947f6ef-3463-4558-a4da-701fb7e85214,03c87830-8f20-4d73-b5e3-648ef6dc4642,876b67d5-0bad-403d-bd88-26cfb1f13e4f,2023-10-26 15:15:07,28.28
77989fcd-c2fe-4d3c-a713-4588241911ad,e726d833-c248-4bdd-af1c-0e01d41d3789,8a6bc216-3c71-4ae1-a990-51858b968b16,2023-06-10 17:01:19,347.93
2fbee279-6349-4a79-89b1-660c22253c7e,1661c2c5-f921-45f6-ab2f-8bbe130acb41,5e88695f-fd21-4dcb-a98d-eba4b582ec3c,2023-10-11 08:28:53,12.44
03648c23-21c2-4e0c-9160-7826efa6b5a7,3e47c2a1-e169-460b-b641-b42c9fac410f,993260f2-ecc0-4161-b38a-b6f036f328ba,2023-05-02 08:55:50,5.45
0968ead2-6c21-4d5f-8d2a-f03ea9d07147,1620cd5c-9374-408e-8df1-2a8d2ab0b596,b18c511e-1e17-4814-8175-b5522f2c6492,2023-05-26 08:44:18,43.98
1a93c894-5b15-4d65-b042-b915897db494,50f44e56-8c68-4d65-860e-aa965d1e9559,1ce389bf-ac2e-4738-a96c-79c50dfe36bd,2023-01-27 01:43:40,33.52
4e82d2f8-2e48-4bbb-9e3c-0b502dc65c15,a05f1a94-d49f-4614-b7cc-ddc8be257fcb,b086760e-2240-421d-8225-224070f3a4a9,2023-11-20 00:40:33,37.14
d6d57b70-103b-41e8-b00c-ee0d73082ce0,803aaa06-0d3e-4388-9e71-f99b6270d8ef,90796e8c-ec88-4ac1-8b8b-7569654b81f2,2023-10-14 22:04:40,54.97
d1b07761-2cd5-453d-a1d7-bc71792e9e8b,85ea32c1-31b5-44e6-8f37-f27f00fef5ea,6fa3ade3-2c71-410e-8888-c49ba0811b8a,2023-02-20 12:45:50,15.54
3ef8d694-8d23-4d53-8a4c-40df85963ff4,784d8bc2-4dca-491c-89c2-e45c1b85a818,d25578b0-4481-4cbe-86b1-da1f701e3245,2023-08-05 01:45:04,120.77
97c23682-38cb-4dd3-8e29-89e89d8a5928,18702484-826a-4358-b505-68b0f93f06f6,45a69634-e44e-4d7f-aeac-4b9273a641fd,2023-09-16 09:25:23,28.61
a5011b2e-f8c7-48ec-b007-f8f5be33f55e,b12ae920-a911-459d-a857-81d3249f5906,95a9646b-b564-4a48-ae64-ee7ddd983b3d,2023-01-20 23:30:43,6.91
3e729e1a-4981-4294-8171-f1a4d938ec06,531454d9-7b3c-4998-8ab8-7efce9ea6961,c128fdce-4cb1-488b-835a-8094d5a5c62b,2023-03-24 14:52:09,67.8
cdfecc1c-5d4d-4a3d-88c1-27a4d8bba0af,d8ec7459-7168-45a1-a795-e738cef4d690,ecdb306f-07e7-4ef0-9bf1-95ff92a4b68e,2023-03-02 02:11:23,51.52
18fc9704-e728-4489-bb63-8ad481cf2ae0,12fa9dd3-cf93-422e-abcf-b9a2c045e49e,b3b1d40d-ecd4-4488-a885-43578447b895,2023-09-13 01:13:33,18.97
bb12c933-c49b-4a4e-9c31-cf8d29615e7f,275538f6-6f8f-458f-9b6a-d14c1af3ec94,8bf7eea6-58d4-4fa8-a66a-831f505fd675,2023-02-12 00:40:06,48.58
4064af9e-f0dc-4518-8110-bda692dfb33f,09f1e5d6-5bf3-4253-82d5-311bd5b9d4af,6e15521a-6e01-40b9-b328-0885e448b07e,2023-05-16 23:17:56,12.41
b0fc97dc-2307-4329-b2f7-c5a8cb87f015,96dd02db-a341-45e1-9506-4590cd8324e6,78aecb4d-bbac-4ec6-a196-abc90354bad2,2023-02-14 14:48:31,29.42
b54cf1b9-def6-4c06-b172-016e4a585337,3c2a86df-314a-453e-98e5-c532672c0455,3401b4d7-892c-4c69-b83b-7dad272b6e58,2023-04-19 04:26:38,114.84
555ae68e-f104-44f4-938b-d7ae10ca1d12,03c87830-8f20-4d73-b5e3-648ef6dc4642,63e49561-ec6f-464b-b35d-1be3d644c4b6,2023-08-27 06:55:02,7.17
be637a34-c363-452e-a767-2723622224af,1ef9422d-623d-452e-9c20-17e15ef8a00e,a87ab0f3-c421-476f-9973-47ce50b04754,2023-09-07 14:23:25,24.44
08b1699b-1bc0-40e9-be68-4dbb26e18686,a2ddb9fa-a1fc-4690-8087-dced6dd99aba,1ae0734d-d5e0-4b5b-a3a6-0216a64e1393,2023-08-25 12:14:38,86.06
4e336b3c-9dea-4860-a5a1-2d0bf126bba1,8ba48fa4-6ede-408e-8223-04345f49a5c7,23fe8e5d-9ec6-4a33-8048-979539bda7b2,2023-12-24 21:21:08,174.49
72378886-43f2-4433-a2c8-16de2ff8be5e,a4f226d0-1d47-4cd2-81a0-8d76ec16be3c,8c40bd00-e755-4f8a-bcfe-3b75b9d54c17,2023-05-12 23:23:43,30.25
8d59889f-5a91-4172-8349-b3b49c154fdc,3daa94c9-bc22-4f83-9072-616d30749c5b,c207c922-6a92-42e0-8cbc-0b9313bf3eec,2023-12-04 19:42:29,35.36
aa5ef553-067a-452f-a36f-41be5fb3ab44,3ec1ec13-7a53-43d3-94e2-ea02015819d3,b7c2d0fb-89c5-4188-8175-9b32d2d33e85,2023-09-13 06:53:45,42.45
c17e9ac2-bf8c-4ac7-961e-c22735b8e3a4,8a8d1596-c4fa-482e-b078-4cf3671fc94d,55f7b2bb-7c43-40aa-82db-d2acec5d6b64,2023-10-15 18:19:55,134.67
44475cd9-e2ff-445e-85dc-6eb8e834134f,5970e80c-3069-430e-8bcc-f0117083a94b,1b3f1245-9f2d-40e3-afe5-5516538f6b77,2023-09-03 21:35:27,97.67
89969179-49d7-4083-84ac-d396adad6f46,a0685c7c-333e-4251-85aa-f64e0cde450d,909d5bc8-7858-4f5f-8a76-8a551746749f,2023-06-13 01:07:20,9.35
deefe893-bcbc-45ed-b19a-6935232af16f,75f44518-b64d-4a95-ba2a-653be44aa9d3,a1686c3b-a3a5-4899-bfff-f8d42e1730d6,2023-05-13 09:22:51,28.7
bace6feb-0028-4e60-a302-1e4f72224ae5,8ba48fa4-6ede-408e-8223-04345f49a5c7,3244bb07-ff14-48e3-b042-2bbf45117b5b,2023-03-03 03:09:38,31.18
373331ec-c528-4635-b433-f0fddd692b9c,9df8db01-5cf9-484a-b968-bf1665b97ec9,272baac7-038f-4865-9cfe-d51503bafe7c,2023-05-02 00:40:14,77.82
b0a91692-1b40-47b6-a46a-30f3334d57e4,d44823a3-82a9-48ac-84d2-5966a7b7d4f5,d6d8421f-06d3-4130-b430-bff4fbeaa62f,2023-01-21 10:20:59,46.18
208aac79-597a-4c5f-8bf9-7e742c343ee2,56c96f6b-0ce6-49d2-aba6-67cf72e18aa2,54df767a-a745-4410-bb1b-622b20582aae,2023-07-08 14:41:42,53.1
80bea9cd-4c28-453c-ae15-f02103591fdc,0ba037b6-e552-4e35-b978-1e50108dfb92,627e5f59-5146-4c46-a4b1-c3de0bcb602a,2023-08-19 08:24:42,316.0
60bbe629-32c9-41a6-8d58-adbcb4aa2ce5,683e549f-6112-47f1-9eeb-a61bdd69cda3,5c6950bd-4a56-45a5-8812-6bca38822083,2023-04-30 18:40:37,3.9
eb6247a7-ea57-4626-8dd1-f75445727673,47b7373c-17e5-40bf-bc56-875fe624aa2b,b90a3ef4-7fb9-47cd-a56e-2ede64bb6e50,2023-01-22 06:36:17,12.62
f9258419-935c-41b3-a4c9-727c3dd7a82a,44913d68-0203-49f8-8e93-f23c395a8104,d2ff4d5f-7a79-4fda-bd66-adc2ecaf7366,2023-02-16 14:20:06,26.2
9aceea2e-e8c7-4d2e-80e7-d7c4dcf3e25b,e7fa7080-3c02-4dc2-b4a4-3d3e86adf01a,e47e09a6-dd9f-4bc6-b05e-b5eb4d3d64dd,2023-01-04 00:02:52,21.37
26c232e1-1e12-4283-8343-83cfee4e9345,3bcebf98-1ecb-4eaf-a09d-3deef794501b,02fd3091-61ba-43ab-9873-f849dc741b91,2023-03-31 08:47:14,1.09
5111e140-d415-4442-a61e-e41559ecd35a,e951f78e-b433-49c5-a7b6-a9d91abb8418,d671d489-79d6-4788-b8f3-f99f8de2c8a9,2023-08-05 23:40:51,4.81
8827d1c4-c9a9-4355-b246-001b7412e7c7,e3802dc5-0ecf-46d3-bb94-0b42096bfa66,2ff734a5-7a75-441c-a82e-e80e29c56637,2023-06-28 13:13:12,57.12
c923a060-f0c8-4bc5-b058-09e3f886a8c8,3a195f09-6083-40c5-aa08-fbe7e70af122,df885dfd-416d-455f-8d12-66742018670c,2023-05-02 13:56:11,105.73
9d35b8f1-1840-4454-9ebe-a6e645738cae,083855a5-33b9-48d2-8560-fd46990fa4cf,b2d4b1e0-0524-4607-826b-af4cf127f682,2023-08-12 14:27:51,36.1
b3cf6464-108b-455f-bfc4-e9fffdaf4426,544fd310-ef2e-4711-9fbc-cf45e61e7b90,27958817-2e81-459f-a331-9145ee8e2ecd,2023-06-16 17:13:10,38.74
67e93fa0-4cf4-4bc7-be5e-a89751d1e0ef,2886228f-e755-42e6-aaca-39454171c861,b50f40a1-87be-4886-92fd-8f169b39e912,2023-06-19 14:26:55,14.72
6af70ea0-dc4a-4864-924e-07e5884b1541,aba5e7ba-003a-4819-a3b9-ea57b7c3781a,9319bad2-a310-44bf-aa16-269525dce57e,2023-02-11 02:42:57,73.02
0c8dcb86-a08a-4cd3-9032-0b569043a6c9,6e215bc8-4b04-42dd-b5e0-7b3982765072,9be8bcd3-7c55-4458-acd6-10ee9092171b,2023-08-17 16:40:41,69.67
6120dccc-c0fd-4e49-95c0-eab9626219dc,fd9e9458-b84b-4598-94e9-bc5eefee0ba1,5be663ec-97d0-4819-99ab-a5336c6b26e5,2023-10-17 15:24:17,44.38
17415e7f-0de7-4885-b015-169212e15d2b,b25f1da0-108f-4910-9493-cd20efff5adb,23c4a80f-942b-4859-a892-52ff39f3e08d,2023-10-29 10:58:17,11.96
60eac1f9-356d-4834-b018-0e7593d98057,2759c888-fbc7-4bd5-aae2-466a9b6371f3,33350000-920b-4d21-a790-b1765b4c94bf,2023-11-15 01:09:15,5.1
a10a05b7-8875-46bb-8d86-448561f759d7,9ac3fb9b-b886-43a2-96ee-55ae48030b4d,2988cec3-b728-47e3-b9be-482e6faefae5,2023-11-13 12:41:43,3.32
952a9829-9195-4070-b270-05d6583d4ed6,cae8c3ad-2588-4169-a209-36865cf10061,0678e1d1-4d63-475c-952c-9e177eab6ec2,2023-02-27 08:34:08,44.91
945a8da5-464a-4e72-812c-a2f58c7fab91,a9fc677f-1997-4cc6-8296-9d01d982a13b,279f0aa0-105c-4caa-af44-1b0161e8328a,2023-02-09 22:12:27,87.16
38fe116d-e08b-402d-8e16-d5e8df9b51c7,9b5861ab-d195-4659-a2cf-a8bef912cd1e,a3e8c525-5526-4031-a72e-addca7bf10ee,2023-10-23 05:43:12,97.71
1489e46c-a42a-4b4c-9f8e-97be1e6a3dc3,54244985-b635-491f-b495-a6ec415d03ad,801bc206-b654-44ad-80b9-e04ce4ac6d9a,2023-12-09 13:17:04,31.15
806876f5-f6a6-4695-9b22-09a4ee4427cd,af90e486-f1db-4696-83d6-3784bde095d4,bd2c1e3e-6de6-40e9-8255-beddd3725a73,2023-09-07 17:07:05,76.69
9c4b2839-c5aa-4055-95c4-0c07ca242b6f,59b685bf-a197-4a6c-bccb-fbf4114ba24c,38f2ee2b-9557-4027-9405-65df17b194e6,2023-09-01 14:05:23,146.76
7a38a3fa-bc8b-4e8f-a618-6e292e861dfc,91d1111e-8ea4-4028-bbf0-2561bef02344,3444b09e-69eb-4231-8f0a-5154cddc4da2,2023-08-18 16:25:54,16.09
b87e3ccc-9646-4f23-b893-3d97796b41e9,4521d9fa-545f-4a1f-96cc-b3fc8fac2e47,226fbd48-edf5-4a9f-a503-3fa5a5da548e,2023-05-17 16:20:21,25.37
219ef9d3-fa68-4bbd-8207-6fca3e72b8ce,a14ca828-15cd-4f96-9639-6e905dc4afb3,66cfd437-665b-459f-8a5a-d3151fdad47d,2023-01-29 19:30:25,134.03
565c431c-6a9f-4252-b8d3-a1073d21deb2,1c5900ea-4ff8-483b-b934-1bdf88bb8f76,9d40679d-9bdf-4fa0-9265-43550905d35c,2023-06-25 12:08:33,20.64
e27d6a99-8e85-4005-a421-cc5d3e13d70e,538ecfdd-4c11-41cc-b057-51bac45e2e1b,bebee96d-bc2f-4d27-b07b-6111799f6349,2023-01-15 14:31:29,122.6
afae125d-dbee-4b5f-9a4f-cde251217479,1d2fccdc-9745-42c6-bf0e-51c55dfdfb5f,08330bc2-64cf-4a44-ad17-15725e363d7f,2023-05-24 04:53:00,198.28
75876ffa-b3f3-427c-831b-5515a56f6390,1c548eb1-cbf4-4aca-9393-bb8c9a237c1b,2dde8bd6-85e6-4f23-b9c0-b4eb57f10e27,2023-11-29 03:54:43,54.21
e50bfb10-6360-49e8-854a-8fa77a6c6e1e,88e7820a-1057-4620-85d6-15a4b86f028e,05165a12-6069-494b-8eee-6a65938c7c35,2023-06-29 16:47:06,84.88
9c389f16-d4c5-4a45-9882-ece0b0c20c5d,2e39e0c7-8deb-4190-b7c6-814e02f8225e,021e8b8d-b38d-4f1e-a25b-3d08bea965e0,2023-08-14 09:03:43,69.22
74be0c60-ed11-4275-a5ce-2b358b45c8b5,5263cbfb-4b8f-4d4d-a060-949c34b397a2,6a246512-5583-41a5-92b0-4ca3f1097428,2023-08-04 06:36:10,60.12
70ca10d8-a748-421a-aded-7c90ab63755f,7595ebf8-1521-41bb-93d5-002369833d2c,bed2bc02-9b52-4180-a478-a1103b0cb189,2023-11-04 12:16:36,18.33
17cc8bad-817e-4d2a-8dbc-518bcdd3611f,16129b3a-17d6-4c68-ae5a-0f5d34d95131,4df84f72-f6fc-4bba-b4e8-6fa2f9efe2e4,2023-05-05 20:50:47,2.94
44a53ced-b65e-4fe8-b6f7-067af3441b42,e2425c82-00fb-4a7b-ab55-091898fbee0e,8baa3436-2def-4b27-9a91-0390539af003,2023-12-16 04:28:10,21.01
e1f1199f-e9c1-4754-92b4-fe90593bd996,8167f831-1567-4337-9059-d63a900a6b49,3628f429-2c2a-464d-93ec-a8755bc88ba7,2023-11-22 04:55:15,54.97
abb283c5-ae2b-4267-b8e5-8e01bb593e7a,af0f614d-496e-4256-aab6-d65218fc2ea0,6b4f6a0c-95bd-4bf1-8b4b-490cc738a359,2023-10-05 09:54:12,5.41
7a14cdde-e732-4a1b-bd42-799b7f8fc1bf,c36895e6-d58c-48f3-9e91-cece30bcff71,07843179-94c1-4bd2-95f2-ac435c51f88f,2023-09-08 22:20:27,0.6
3dad1b2a-2e96-455e-8650-7a19c915d86b,aba5e7ba-003a-4819-a3b9-ea57b7c3781a,7b79d389-e2fa-48c6-8b91-b3e0ac2adc59,2023-07-23 00:21:53,7.52
711ca213-ff4b-4c6b-986c-56a5cb6c31eb,1250784e-a992-40fe-b2f6-9324a1a96c36,54d1348f-b2cf-4077-a0d4-99070bf41a88,2023-05-25 19:13:56,62.89
d50ed9dc-c318-4f87-8bd4-06b313349d8a,3c2a86df-314a-453e-98e5-c532672c0455,fa9a75fd-90aa-4b2b-8ff6-f45df5cb8a9d,2023-12-23 11:47:27,180.22
1d96d613-f44a-4e2a-8890-497a4a468b29,e3fb7d75-6396-47f7-b9a6-a1ce1c569f75,ed97cfa0-efce-44cb-b95c-6c51c51af6e0,2023-04-20 20:45:33,203.92
c61b1c53-337c-457a-b08e-411715e3e884,2886228f-e755-42e6-aaca-39454171c861,ec825e78-bb62-4123-8fde-fd9d28a82866,2023-06-08 18:00:24,34.06
a76bf1e4-33a9-4c23-85d8-4750055510c7,80cde956-3646-4914-9a2a-1061408729c1,58fea3a5-e4f9-453d-8c75-30f8b5437cff,2023-04-21 08:26:30,101.76
ae7d6954-218e-4f65-b39d-4b3af1f31a64,4c079df3-57db-4cd2-bd89-db67fa7dc8be,cf9b6c88-e72f-4e12-8259-25214b224198,2023-04-08 20:46:15,66.75
2c47483d-f2df-476f-8df4-24d5c462f6d7,436e2524-05f1-45f4-9bb0-96934e06295b,803170d7-354c-4975-b996-8ce771efc168,2023-11-27 17:10:22,34.76
cd4da796-e973-4938-b9f0-fb5fc05391eb,84b88666-39c7-4ab6-9afe-88ba6bcadfbd,a9a2d33d-4ca4-49ab-94e8-c5299d8d33c4,2023-08-23 01:34:43,42.52
459834c5-e7f3-482e-bf7c-b6690f81c93c,f29e93e9-b1f4-4e16-96cd-5df7303c73c7,11805fe9-5f14-4c52-a182-13402b10c570,2023-05-10 11:09:33,7.38
6ded9aac-9585-4105-b73c-99351857d6e3,7ae65739-f659-460a-b085-0fbfa8f185e1,71a74ed4-37e0-4749-921c-17a93a7b82cf,2023-05-01 11:34:09,138.76
f2eefd8e-9a4c-4bbb-b56c-d5643cd25736,9698a7d2-cbd5-4101-bdb8-ee5fbd40942f,e84af27c-f515-492e-bf9f-37fb0292257f,2023-05-27 06:54:20,21.69
f508e1b8-0863-4dff-8612-a0a18d824c1f,d9dfa0c5-5e03-4ebb-bbc7-93dd4d807957,c812873c-a8e1-407d-b10b-b268c151b66c,2023-06-14 10:26:00,29.54
49f02f1f-c42e-4e46-9bbc-53e9070910a1,fc8d083b-c847-41b3-badc-b484f522ff10,1d2c2a4a-3d75-49cd-8ed1-6cc3b6baa2ee,2023-07-17 04:00:39,55.69
6cb12d7f-89a4-40e2-b82a-33c719277096,a5616032-17aa-4fde-be4a-f91ed08f448c,4e4c46c1-c488-46ef-952c-911ef53ac414,2023-07-29 15:01:41,20.32
3e20878e-c6a2-4912-a941-f5d39590dc73,1de434ac-9520-44c2-8646-07f7591691da,ccb1c390-56c0-4f62-b235-2fe01c3a9167,2023-11-21 07:52:51,14.67
3b0d2a47-0a0b-4d5e-ba0b-c99b8f5251bc,54244985-b635-491f-b495-a6ec415d03ad,67ec7346-de72-49fc-95c3-da52b8ec6094,2023-10-25 14:30:16,49.85
9d11b3a2-114e-45c4-a4ce-066efa4e79a1,82e8a5c2-4801-4c2a-b3b5-5c9aafc6a794,d6cfa7c2-60e5-4c15-88a8-c66bfce69265,2023-08-29 00:28:14,1.27
8808087d-5f77-4989-9f59-ddfe5f2c06e6,8a21a644-bab4-43d5-bad3-54056be04ab2,1c069492-5223-425b-abce-b0c65fb3f8eb,2023-02-20 21:27:56,63.78
e894256c-83fb-4b04-96ac-fe870f5573b9,9148bb4e-1832-448a-89a7-8b2bc5d4a562,d2cc4f8c-821d-4bf0-8670-fe8583803442,2023-03-01 21:44:23,36.08
3fd19fd2-1cff-4f73-8d77-313ef49f52a8,44913d68-0203-49f8-8e93-f23c395a8104,08b33712-12d2-4f7c-9e4b-a1293e0a95b3,2023-12-17 13:21:48,46.54
6ea3e563-4457-4e14-813f-6fb606c96020,59b685bf-a197-4a6c-bccb-fbf4114ba24c,4fc8315b-a18f-4351-a89f-d6a519db059e,2023-03-06 06:56:12,49.97
9c1871d0-6d7f-4963-9967-50074571f199,531454d9-7b3c-4998-8ab8-7efce9ea6961,242a9d91-421a-462e-89a2-1753634a250e,2023-10-20 04:47:38,37.44
d906b97a-2bed-47d3-af7f-a2fd23878180,2b5db3a2-cade-4b97-81bf-e72bc682a13f,f43ef0ed-e1ee-47a2-a3de-0f30e60fd1e6,2023-11-01 14:51:37,43.68
09ad5394-f67e-4d3f-9778-88563f7a4f7f,1edbeb64-7af2-4604-8088-342da2b08134,a90a180f-b988-43fe-8701-ef4da95fe91d,2023-07-02 03:32:32,57.57
d2d56e91-3f1e-4724-ad2c-41be4da635b8,1edbeb64-7af2-4604-8088-342da2b08134,4581308e-9486-4058-bf62-04cc19c76577,2023-05-23 20:31:34,69.94
ffbcf1df-688a-423e-b715-10241152bd83,96dd02db-a341-45e1-9506-4590cd8324e6,6d7e64ca-4a22-44a8-a652-da7966214f35,2023-04-20 10:18:10,65.0
3a1db822-18de-427d-8724-83163b826f1e,80433a9c-63e9-4afc-92ce-2d524758f834,06fabd47-6509-45a1-a9d4-f60c06d9d31b,2023-05-29 07:18:32,101.86
f0c19fba-dace-4dbe-96c9-b2d4f8068ecb,05c8d4f9-cd2d-4467-8ed0-d2bbdebeaf0f,166e41b7-36ce-470f-85d9-074db253cc58,2023-03-04 22:29:29,10.5
458835b0-680a-40f1-94da-b4870fbf1167,e010113f-c25c-4a05-ac81-228382ea845e,cee328e8-9f4f-4fc5-ae86-473f250d6cd9,2023-11-25 12:17:14,25.64
73136f4d-c2ca-4988-b4af-43542d41cc2f,b84d2a9d-ff8e-43e4-be4c-a6d4f22ae732,188636e5-b2ee-42de-b041-0b3eaa4dfca5,2023-07-20 08:37:26,147.63
1855b3cb-45d4-4980-9bfa-80e392697ac6,ff34860a-b043-430f-819a-98788ac2b1eb,f77f5989-ca32-442f-b68a-8bb3d399915a,2023-10-24 08:45:51,25.26
4cc14a15-7246-4cb1-8e31-0faf48e9ba89,433126ec-002d-4739-84c6-4af51edace22,427ad760-d67b-402b-8fe9-5971fe02905c,2023-12-20 14:31:16,6.67
4facb4e1-af1f-4e13-b54e-9521cd8ad4fc,0d363580-c2f7-4122-89a3-1739d5e0e889,62dae5ee-d961-4d50-8127-e18000942170,2023-11-14 04:13:33,37.27
332577ac-22d7-44fd-8bad-065022d5e454,876ad494-1494-49c6-9a4c-4fa0a0f0021b,5fab23a0-03ce-4356-b572-e7e225a5af27,2023-06-25 04:49:03,5.8
15cfa4d9-e87a-476d-ac41-758d5b254ccd,64eaead4-2682-4904-8089-4545d3ee9b0c,cc471d33-4b15-4b1d-8607-de28f408b37c,2023-05-26 05:34:25,11.34
67dcb8fb-3160-4fcf-b9d7-d580b9b48d36,a1e535aa-fbc5-4c5f-abac-06c1cde9bbae,434f8ab0-e4b9-4801-a609-c89c6aaed98d,2023-12-28 11:55:34,319.41
89685c02-981e-433b-a599-4c51341e2e2d,152a9883-4d91-4509-8b57-3456a6a16c69,ca5d20fd-0e36-4bb6-a064-46f76418edf6,2023-02-26 17:16:41,38.97
4e684960-7914-4f92-b268-8cb74f8500bd,b12ae920-a911-459d-a857-81d3249f5906,306e6893-ffe8-4726-a143-9fd9c41753bc,2023-11-19 05:56:18,16.71
edb28777-e8ef-4252-86c4-f9fcfd503174,76e19f03-e3c3-4ac1-87e7-70a19d673fc0,21a46479-62e7-4a07-a94c-c627c26cee68,2023-10-22 16:54:43,262.71
37b63eba-0190-435c-b45a-d787c2818ad8,275538f6-6f8f-458f-9b6a-d14c1af3ec94,0c401419-79d1-4d94-91eb-49cf5e046a91,2023-01-08 09:07:44,169.9
9d80c7c0-0e02-4986-b795-18f5e4eae476,1df8c078-2cd9-45fd-b27f-dfe315c4879d,5cc5d1b0-8439-4399-804a-5b043d45ff33,2023-04-10 09:23:02,29.06
b09a602f-6e97-4584-afb8-eb31ceafac1f,a2ddb9fa-a1fc-4690-8087-dced6dd99aba,2f5a5797-3329-4cee-a491-5706ba069073,2023-07-24 23:11:13,15.08
971f02f3-3563-41be-8044-cb4d55c07a45,d96675ab-db1d-422b-850f-cf497df8d382,a05d48e2-6b8c-459e-80de-91f7a9611ee2,2023-04-27 22:55:57,91.13
f5dd68b5-be71-4755-90a7-0f0f90d54473,92008dd6-d9a4-4c24-8af9-e63b91650741,7db9bfef-fa5f-4bf9-be6e-067c3a897675,2023-04-24 02:51:06,62.87
0cbba249-7b78-4b52-9550-2421fac20d62,dac13160-1acc-42ca-8d49-364de2c5142c,4f0f8adc-c963-4937-b1de-6628f193f3b5,2023-04-04 10:13:16,58.07
48666502-a84c-48a8-91cd-e917360c9b0e,9df8db01-5cf9-484a-b968-bf1665b97ec9,cecb7e6d-d94a-48b2-b8dc-ddbedf5910ee,2023-03-14 17:53:31,111.8
f4d19948-81b8-4b38-a274-2b362c6c4d5f,6435c5b5-68bf-469c-b3f1-00f288f54023,5bbc297c-6f70-4bf1-ab40-8d247a646dd2,2023-05-31 05:59:42,58.47
3604fe68-93e9-47e9-8fa3-cd05573817de,e929761b-1fa1-4970-8e2f-78c32abf36c7,caf13171-cbab-486b-a7e0-338b1845109c,2023-09-13 04:39:24,16.69
fac728d9-840e-41d2-b6ba-197bb93c91d2,6883c1df-fc6e-4b1e-9f29-7f44f172cbfb,1e7ab579-c847-4b9a-90c6-3ebd27a08306,2023-09-01 23:46:45,59.19
bb5d4506-ed45-426b-a6ac-6c4abc620d16,bbf1a708-a732-4974-a5c3-782b054bcea8,83cb28d1-3115-411d-b0be-7c3e7404b815,2023-02-10 06:13:02,18.25
d9187ee6-c3b2-415d-8629-af3f65f69bc8,1d33aa23-621c-431a-9f2a-04f6edc952f1,b9bfb669-2666-4351-a480-c596dfbf9a0b,2023-10-13 12:26:21,71.2
2b28e286-bf4d-49be-9f56-4b1a77b51477,e6d80115-4636-4b4e-b4a3-71eaf5097fdf,abe802a9-0b52-4dbb-b484-39b8e17364c4,2023-10-21 20:45:31,48.35
a0f9ad38-47cd-4162-9221-9fd677caa71e,b9842684-8f74-498f-b6da-705f6b6ce5f2,96f82a51-242e-4163-afd1-c30c6a462686,2023-08-01 01:13:01,4.03
de780884-39ea-4a20-8348-d7d66cca61ac,d9dfa0c5-5e03-4ebb-bbc7-93dd4d807957,e594d8b4-68cc-4775-b248-cdb4a800c8d8,2023-03-09 23:56:56,35.96
0f82a29c-9c18-46f3-a810-ff8c9ffb7e6d,a05366df-065d-4d3c-ae63-e25dce942894,0e276696-b837-495f-9753-1902f0cc5d25,2023-10-30 14:08:07,21.03
bf702753-1a11-41d1-85d7-116fb023b85b,b4e25a13-fb4a-46f6-86b4-b9ea0cc96835,53bb43d6-7899-4205-9bb5-e0861497ea18,2023-06-27 17:52:58,19.92
662cb585-ecf4-40aa-87b7-676b67c0e398,3bcebf98-1ecb-4eaf-a09d-3deef794501b,14e1a98a-9954-4ede-ba5d-ca53163f37f0,2023-11-04 05:40:20,46.1
3826ef05-b9d3-45dc-bda2-34fc87c49c59,f9fba80d-9b84-44f5-ad1e-4e1d61bdd7a5,771af2e5-bf70-4918-a747-44d3b1a6b142,2023-12-11 00:09:53,19.45
d11bae20-2e74-4608-9694-ecf4720ab5f5,a901f1df-a846-443a-aaa7-6fa4fa5e59b8,eb04e113-11db-4c51-9b2a-512602890b04,2023-01-17 06:35:30,75.01
0b15b6c8-c2da-430b-8a9b-65aeaea1d775,6facd109-0238-4b6b-add3-4909fad3e685,07a4a1a4-84b4-435a-bc03-409705bf5f51,2023-05-01 10:07:00,3.67
721c0f4a-5ce0-47e0-8a1c-d30732ce2f9d,1ef9422d-623d-452e-9c20-17e15ef8a00e,700ef306-6d0a-446c-b18b-7896d0d1b1b8,2023-06-04 15:43:01,54.0
768b1acd-d4ba-488f-9723-45646a6ebcf6,679bfb7c-1e13-478f-90ec-9af39258b34e,404de377-0b4d-4c83-ae53-22b737631da3,2023-07-30 21:24:46,82.83
6aa1da2e-213c-4bd7-a669-f28cd4789166,99d19213-76c8-4f3c-8614-e3de2ba8728f,1576a5e5-e311-43ef-805f-2096936afe55,2023-07-03 20:24:20,55.86
f648484e-0d2c-4234-89b0-1f1a9d08a8d3,e3802dc5-0ecf-46d3-bb94-0b42096bfa66,30a4b84a-865f-4985-bc64-357db8e45707,2023-04-09 09:03:19,34.38
08a2ef7a-f937-4862-bcf4-ed055522dc71,e5081339-62ae-4ac2-be4c-5d1ccce9b7a6,6f58601c-478a-4be1-84b4-1f631395863f,2023-04-22 02:44:48,150.09
a8b24cb0-e941-406b-a1f9-1e14acdcac41,f81703d5-ae90-46e6-bbcf-240c52f703fc,c1dc04bd-95c9-40c1-8b86-83c8b6630453,2023-05-09 21:45:44,17.83
509a05c3-4af1-4d27-9301-7e0d2ac20a41,aba5e7ba-003a-4819-a3b9-ea57b7c3781a,7fc0f9e2-9644-4cb7-aa54-4dad00d51016,2023-02-18 08:11:28,0.97
d7931bb5-219b-47dc-9425-b88041293747,8df43997-24bb-4232-8fe9-aaa916cb7b09,cc330690-3b84-483d-9b62-94907ba57288,2023-11-07 10:24:40,28.28
d9093821-baf4-488b-8d77-208c529031c1,f4d2a038-9634-4be3-b9bc-4dd30fe96826,bf7c38a4-7c1c-401f-816b-023fb13814c4,2023-12-12 10:36:54,1.68
1bac3e23-356a-4b40-993b-2203cbc1874b,620405eb-184c-4f13-8cdb-09a541505fba,f7dece1f-59ae-4c92-83b8-f4575dc7e060,2023-06-05 08:28:23,153.89
96dedfdf-22ec-447a-9503-58c16e43bec6,76e19f03-e3c3-4ac1-87e7-70a19d673fc0,65592860-21ef-46a4-a97f-c91b8f6c5006,2023-12-14 10:37:32,11.78
da0f3bf6-5d31-46a4-aa27-21c95223ad31,ae9c43ac-a518-4893-b9f1-749fcbf58979,155546eb-ac31-421d-858c-3fea1f57255b,2023-05-23 15:55:17,77.78
5c4956ee-9273-46f6-83bf-cba9f20530b3,fd9e9458-b84b-4598-94e9-bc5eefee0ba1,383909a2-d8b0-4c2a-a467-b66450599234,2023-12-25 23:11:52,74.49
5b75090d-9985-451c-9aa5-b792aac029c0,96b2f304-9d22-4fe7-817e-d52979f4fd8f,0318a1e3-91ea-44f4-bc58-ca489de40a13,2023-02-02 01:59:42,12.28
6e9aa105-fcf3-4d7b-89c0-3291794f38cd,6784ae35-3b13-46b4-9cde-63b09821b4b9,b6eeda0d-9724-43e9-aef7-720b0f15a700,2023-04-25 02:06:05,48.54
4617acdd-f854-4488-addb-b7009fa8e8a3,e7b85bd4-df4b-40be-91f2-4849e15014bd,13b2ca4a-2a6c-4414-b6d8-3f99a1bb0c79,2023-02-09 20:16:54,2.46
397d3432-198c-4ec3-866b-f70d769c758d,152a9883-4d91-4509-8b57-3456a6a16c69,37c72139-4bdc-4b54-bd53-fcaada9d8334,2023-06-15 11:41:22,33.04
a6aa09ce-d272-4b99-aa06-bd51fffbc9d9,aba5e7ba-003a-4819-a3b9-ea57b7c3781a,298831e7-5d40-47d5-b3e6-f6ae6a8cc44e,2023-04-17 15:02:29,0.74
c6c0216b-c1f6-4d2a-9d59-7df18982aac3,c0352b55-ae91-4504-be29-3f50aa933d82,bf68d363-9287-41a6-af72-85f66c10bf54,2023-01-30 03:26:03,127.01
c89dd8ba-483b-4cc1-bb44-5ef54d57e0f5,f7c0e15c-fbf4-4d6d-ab55-3cef1537cdd5,2641348f-af8b-4eca-857a-724d9805c4f9,2023-11-08 02:45:20,186.66
f9462323-1452-48d5-9891-84a649444219,df07d97f-444c-4ea2-a3f6-660e7d2f75d5,26a9a0d5-c9a0-454b-905d-03a938079bf2,2023-09-21 20:33:57,12.57
c3d4be18-a99d-4a62-aaba-107487695af2,ccbdbfa1-3660-4db9-8721-86df5507ca1e,bb83a34f-85c1-44cd-8a2a-55084170c074,2023-09-21 08:14:46,11.67
76252bee-e1ec-4ef2-a242-4b36b972edd9,61ef894d-a50e-4965-99fa-c2d0f3e159fa,f2fae3e7-c3ee-4c86-ab04-72459d283806,2023-09-08 13:21:13,70.06
161e214d-6312-4316-9353-c32f059a54f3,456ac396-faa6-49d0-8894-18ff57c2751c,0faf2fb3-bc2b-4476-b9a1-7375653be594,2023-05-23 06:25:43,14.61
81cc3867-f024-4773-8f5a-854438144fc6,58fbd995-7606-4323-b665-fcff5f23416c,407d8300-2890-4506-bfb2-b7956082b782,2023-05-21 15:29:17,112.73
981001b5-c3b6-4f4a-ad73-39ff50276e90,6fbc052e-ba42-40f4-b33c-1f5036b12ca0,225b5564-b903-4cd5-81d8-9fd5c6ac96d8,2023-08-23 23:53:33,42.66
13fb91ee-d563-4df5-9c6a-b407af401e8a,5148983f-a178-409d-9ab9-97e38e3b716b,68be1525-0a2f-4870-982f-9101e48b2bff,2023-01-30 20:37:26,21.6
4d57e21e-56fa-4931-b0d5-1a7ebf5efe07,a44d4e1d-f92f-4fb9-920d-bff3d2f27b2e,436cd0e0-dcf6-4318-9d75-1d2a94833481,2023-08-11 21:20:19,89.4
6f83ce5e-4a79-4db1-96a0-49be01aaec87,0e65d3c0-fc03-451c-b20d-7e5bb1a144d7,e0695189-b5d5-4da6-880f-58beff0ccaa7,2023-05-03 02:17:04,34.0
8d829451-0bab-43a3-b015-cc2baff3e40c,017cd7c9-e0b3-4c31-85a1-eabefe0f9cef,0201b07a-621c-4b0d-8127-d04e9d694742,2023-04-07 22:32:57,121.31
156b5e85-813e-4861-9f46-c1ffd2c55982,3d451e08-65af-4b2a-acbf-dc417af8d05d,9f14fe05-d3b7-4643-a61d-ceae1feab50d,2023-04-12 02:04:35,131.56
03bc7c5e-1aed-4335-8e7d-f4a77624d6e6,2e774166-e972-4d6b-8c22-703ee87d431f,3e40571a-6e38-4cc1-bab5-588ae96f0c9b,2023-06-23 07:34:00,9.04
2420ef42-3350-4304-87c1-1b5f582ebfce,f6ba630a-db9b-4043-8c28-043ea17088d6,3f8f6ec1-4861-4955-960b-fb8c75660bb0,2023-03-09 01:16:26,0.12
ad9dbba0-2c76-4e08-9bb7-48fa06ab9443,ee83d835-2eb4-42a2-85b1-134b58da1780,9aeb88a5-60ee-4049-ade8-c784c46b4415,2023-12-16 00:17:44,206.54
69875e02-06cd-4685-97f8-75ebbd27f7d0,a21bcff3-596e-4472-8c93-0a2b19c35f4c,9f8969ff-d0d7-4273-9852-c440832ed08f,2023-09-22 20:02:28,118.3
cc743ec5-715c-434d-987b-c0c4d1210c89,5003e3bb-a661-4fff-afd7-7b1631bf3222,2dd42126-7eb4-4251-9b68-a74176024dd6,2023-08-02 14:20:41,2.85
e9bc4730-cd82-4494-ba8b-bb8bd0555302,937b46f0-d7ad-4e7f-8999-85c086a55c66,e3575023-5228-4d9e-8cad-3847fa2806bf,2023-04-23 18:22:21,89.5
c1fd5e80-1ee2-4a7d-9735-319f9265396b,983126df-ad82-405b-a329-4511d92e8324,6550d6c5-9b00-4d9c-bd4a-0aaba31c7337,2023-04-27 11:47:55,30.61
9557304d-3dbb-400c-af36-a0c50879cc78,16129b3a-17d6-4c68-ae5a-0f5d34d95131,d46922f8-87f5-4e55-a9d9-e643d928754b,2023-11-27 15:16:10,14.99
605c9caf-171c-4fe1-bbee-9512bc2052bb,6099ef8c-520b-49c9-a43e-2c5311ed5c5f,9e81d138-dc31-4f4c-8256-3a3e3c2503f2,2023-10-04 10:32:30,105.49
59198ca1-2e7d-48fb-bc36-ac5152787031,f9fba80d-9b84-44f5-ad1e-4e1d61bdd7a5,e2698656-4b07-4a91-9552-2fe75f785949,2023-02-17 03:10:48,10.95
f5360b0e-a6a7-4ee8-a64d-99ce6a9947bd,890654c5-9842-48ff-891a-00dcfeec3434,d686aefe-4227-4e30-8328-681ed67b81be,2023-01-11 04:59:05,147.16
c742b1ee-de79-4846-ba94-fb35e565dfbb,094a94b3-747b-4c76-841e-0a0cc33a611e,a2b25497-da20-447e-affd-0da3e8adf2c9,2023-08-26 15:46:19,11.51
a0c2ca1b-97c6-4d1b-82b7-8c918160e071,f6ba630a-db9b-4043-8c28-043ea17088d6,50f5eba5-6a71-4df5-b6af-8875a761b10d,2023-06-04 15:07:11,47.55
672fd412-3cd9-4cf2-93de-8ff4f01616c5,1df8c078-2cd9-45fd-b27f-dfe315c4879d,181617c9-5ebb-430c-a477-e1d9868f1a3a,2023-06-09 12:53:16,12.62
92805695-175d-4e8f-b634-0996c1eb3c3b,1613ceba-fa57-4798-9bf6-15cc1f5e5013,6c76f1de-5d48-499a-bf01-9150e8154d52,2023-10-26 17:07:59,39.45
020e3706-f91e-4a09-ac1c-713a433b0680,4ad76c5e-164c-4fb6-aa02-5bcf52b72228,6361eab7-8265-4496-b48d-1ecb73a1f1f9,2023-06-09 00:11:49,57.6
9d3df70f-50e0-4acd-802a-5e7a62723346,d3c9b23f-d13f-4b80-979a-f613419ec074,cc003b00-d659-44e5-a376-236c674be17e,2023-06-24 18:03:58,10.55
db13745c-7ab1-4e2c-8b9f-df2c9838a5d4,c994a117-1fe7-4c90-b20d-ebe993c22891,1284f2c7-4a50-4b55-9495-6345d2e2c4d2,2023-06-30 21:52:48,36.79
dd623249-5c1c-47df-b6bd-73bb40010f79,e7b85bd4-df4b-40be-91f2-4849e15014bd,7abde993-6471-4540-b5d6-78b93729cd55,2023-12-07 23:10:54,31.66
f81fbffc-6d0f-4065-931e-b13a2aa2deec,a47b73d9-5b1c-4cae-97a2-b714c45c80b1,7aeefa40-cb5e-4e06-a0b0-43d399c9ab24,2023-03-12 16:01:09,3.68
5aa5b72b-1e00-470c-a7b9-336226a050c2,9740abdf-5414-4a87-a199-f3f832d2b04e,0ee20d0f-6c47-42e1-8793-6798aad08994,2023-12-20 16:27:12,85.27
d44584f4-b744-4f99-a03a-75a92eabeee2,544fd310-ef2e-4711-9fbc-cf45e61e7b90,d7540d23-87ce-4df5-bcbd-818dbd70c62f,2023-04-29 02:38:46,20.45
e1d9e1e7-3210-49ab-9e64-d7b0e5e2d26c,5069bc43-c4da-47a8-a2bd-3d3fbc2c4758,58a4b830-c12b-4da9-801b-fc7a9279f356,2023-03-05 22:42:54,42.73
8c69b0a8-79d5-477b-bc4b-71bcb1964397,84eae8b8-a085-4683-a4d3-f43c0ff4bb12,5cd184f0-7c2a-4015-bb8e-99d51c93581b,2023-03-01 21:11:41,36.16
3ea3782f-9c9e-42a0-93ec-46b1dc0071e8,e010113f-c25c-4a05-ac81-228382ea845e,d7373c57-cf44-4400-a8d7-b28663570036,2023-12-17 07:15:27,36.0
bde052b1-1692-4cdb-90f3-2ae0a9469fe3,e6d80115-4636-4b4e-b4a3-71eaf5097fdf,f857ad93-15ce-4762-a31a-b42cfcdd9259,2023-08-24 00:18:12,5.67
aeda2e3d-96aa-4e3b-aebc-35c246e24974,1035f33e-2dc0-41d2-a40c-4d8f250f0847,0224406d-1fac-4752-8137-5f2608c1be8c,2023-04-13 18:46:18,27.54
6e8fffdd-311f-45d1-8573-ef1de8195c49,e7b85bd4-df4b-40be-91f2-4849e15014bd,af4b7d31-b813-449b-b551-aaf307d7116c,2023-09-10 20:58:16,30.11
5821bc5b-3f95-4e9a-803c-21a52ce217aa,b4e25a13-fb4a-46f6-86b4-b9ea0cc96835,8438d368-f14c-41ad-a9cd-a52f5f39dd12,2023-10-25 20:34:33,66.15
9bc687b8-222c-4b13-8296-4e76e67bd4e8,d019e439-140b-4713-b220-bc3e02633a4b,d9e5f020-ba4c-4c6d-9efd-1c534d1d7fe5,2023-06-11 18:52:12,91.63
56563f1c-5f41-4bfe-8ed7-c686646c059b,5485e3a3-4a6e-490e-bfc4-02a5d1396408,de9174fe-7587-4ca0-8f20-c1e5c86356cb,2023-07-13 10:03:04,39.37
bfaae288-185f-493a-a12b-05758fc98f7e,f292b3db-be21-41a0-97f7-5982ecee4853,9af87530-b5d5-4c82-8dae-d26205aef280,2023-12-12 06:03:05,4.54
ffb80ffc-e677-41bb-b41e-7eba936a764b,59ddf77b-bbaa-485a-a8ab-fc9583ebaf1e,f21262be-8cfe-47fa-b7d2-1a9b21881f44,2023-07-31 21:09:02,13.51
2022fd86-f696-4779-8fe9-4ddef78f1430,75f44518-b64d-4a95-ba2a-653be44aa9d3,4853c78d-7a7b-4903-9ab5-8f8b2dfe8ef3,2023-07-07 13:22:19,9.01
4761cc6d-a352-41f5-acd6-ddde4b8cc2b7,614d4c28-6cbd-4559-819b-5464a49ff35d,7e6f0cb8-28a2-4e64-aaf6-e376646fab7d,2023-11-09 12:14:13,6.65
e4c4e0b9-cde0-402e-8aaf-aaa0ef9e3a33,3daa94c9-bc22-4f83-9072-616d30749c5b,a3333972-80cc-4465-81b1-2e550249b711,2023-06-07 17:03:24,22.78
1703ebcd-182a-4623-bac8-f940d18e816e,c95761b1-f1b4-43c8-9a4c-548b0106d46b,2d09c519-5988-4b71-928a-ca156bb32c27,2023-04-26 12:17:04,13.03
fe43f0fc-e30d-4886-b58b-dc5632fabefb,2c2bdf7a-1c87-4181-8031-ac2b55ec13f0,bb01a011-bf13-4ebf-b2d4-b4b51dd24f3b,2023-09-25 10:20:37,12.31
2f30c365-0f30-4c13-9115-d9ceaf926e45,58162fd7-7037-49fb-89ee-68cd63635f67,5a148241-7127-4939-8b65-26ad63891e7e,2023-01-24 06:25:47,2.81
c7e06e15-7289-4fcb-94ba-40de79d9f4f8,715afdda-594d-4fa8-9018-dbf78c6bbd62,6f4be028-5c23-4583-9a5f-7234c486f236,2023-08-24 14:29:00,0.89
2f5066dc-aa0e-487c-a5d6-4565824dd7ed,7483b709-4249-4ee2-8464-168bc49a7e63,bf944878-c2bb-42d8-9a08-333a7c84ee5b,2023-01-20 15:40:31,5.42
af97c73e-66b8-431f-a0c2-49a6927a176b,a34d6331-5b17-40a1-96f4-a7fb86d2add8,9d7322a0-4aa4-4494-ac98-61b63d2551f1,2023-08-27 23:44:00,9.45
bdeb9042-74ef-440c-846a-6da6f8e0e375,a14ca828-15cd-4f96-9639-6e905dc4afb3,b5e3d03e-a29e-4ac4-9ed1-be3166758cae,2023-12-03 01:15:01,28.19
204b366b-5cb2-485b-ac4b-de19cf6c9ccc,32cbfa6e-8533-4f35-95ed-f2fcbb33dc07,d4588173-c9e5-4482-9604-e808f31c9d56,2023-11-12 22:09:47,35.72
d9365161-594e-4872-8eb2-6681fe07ce79,41e5fffa-d76e-4ea9-8656-6fb44610300e,e58e6388-ee33-440a-a85c-3002b67b211f,2023-10-08 01:24:14,7.58
afff43d0-e771-4d2f-afcb-d0f23b6d05fc,75951024-381a-4b88-82fc-d8b00286da62,e8620eab-29c1-48fb-9132-e3f01ce65adf,2023-07-19 21:34:59,27.65
054c69ef-356a-4c73-ba17-cd93d3ce6e58,90a1193f-b995-4d53-a665-d14800c3028e,da4dd2fd-8fd3-464d-a117-e3593beb909c,2023-04-04 11:45:12,20.91
0d81833b-f6d6-44f7-a336-e5c67e012194,4c13cf51-b23f-404c-986e-18494815623e,5dc5922d-3a59-4ae3-9437-84347e8441bc,2023-01-19 21:31:36,10.13
c5de0a7b-8b92-4551-9d7e-0aa9b06b87e0,08fb3602-e86a-4873-8fc4-d1fc79fc38fe,101326c4-d742-4447-9960-efd6eb761a5f,2023-07-12 04:44:53,0.34
1a17edbd-8091-4a94-8b0e-efd19e220673,848c3626-6d8b-4591-b8fd-0ed9537bface,e7b92d58-af5a-48ca-8b98-4e169045b9bd,2023-09-12 02:08:43,31.46
5d23ce16-dce2-4c5e-9732-0d2933608780,1250784e-a992-40fe-b2f6-9324a1a96c36,b738585e-822a-494b-aa4b-fb4616ff2256,2023-07-02 18:11:14,57.86
52f9cd03-2ce5-40a4-8b46-09d6a2965f6d,df07d97f-444c-4ea2-a3f6-660e7d2f75d5,057d791f-8c84-417c-aac4-ee677a6a2f81,2023-01-04 04:13:08,12.83
4404ed37-65b0-4707-98db-1eab0c62f9ea,a0e38981-8388-49f9-8ad6-cadf89cec9df,fa294555-28e2-4c5c-a5e3-cc144a0211de,2023-10-10 12:51:59,7.07
f08e13e1-6dba-47f7-8ee9-02591e488cf6,f29e93e9-b1f4-4e16-96cd-5df7303c73c7,3df1fea7-a1f2-4753-b472-41191b246ff9,2023-05-23 01:17:40,109.04
abe13aeb-880f-4791-8f3c-0f5b8271896e,ee83d835-2eb4-42a2-85b1-134b58da1780,6565ff3c-ace5-41d6-b0a8-07c3d74d8237,2023-05-23 02:47:00,16.08
91303f86-bd36-45d0-ad52-349a3b2246f1,dac13160-1acc-42ca-8d49-364de2c5142c,8a0262c7-05d1-4e19-905c-cf7769d9e08f,2023-08-10 11:24:36,12.66
09c610d7-e5cd-4196-a753-a692a838a232,ae6ac1da-206e-42ab-8fe1-f44b79399f1f,81536db9-b006-427d-b03f-dea306473509,2023-05-21 18:57:59,97.28
de62d3d8-4fb2-4b0b-8114-f643e8ce98fe,3188d4c0-949d-4bcd-aabd-f51f565abcf9,c32e8ea6-f377-470a-a0b4-6d559d5ef772,2023-08-03 20:24:41,84.94
32c6e65c-65f6-4baa-9349-67d9e60415b1,321d09de-d8f1-40e4-b90a-589af76de4bc,a5a69ccc-b2a7-4d3e-b8b9-5a8e1cd8b52e,2023-04-23 01:57:46,29.74
e9e0d3dc-23af-4af5-a7b2-4afa1d57cb05,7310794c-c7e3-4fe4-a03f-efe400338576,f7be608e-7d19-4f86-b4c8-79b79a3d9254,2023-07-15 20:00:07,33.59
07288beb-9266-4b45-a8d3-24ee9c718b04,614d4c28-6cbd-4559-819b-5464a49ff35d,1d3dc1e9-cae7-4650-b8b0-7a6fcdafc43e,2023-10-24 20:45:45,12.28
0bec68b1-c48b-425f-af67-8935f2ea4796,ee83d835-2eb4-42a2-85b1-134b58da1780,6a78ffa0-5ca6-4871-b11e-ab12b84580b1,2023-08-31 01:01:57,4.08
449f3ffe-7834-49ec-9f21-df9a48b5c5ab,44b948ea-70b6-45a3-9c76-810a8e02ca0f,5aa4c9f1-cb20-464b-8882-1ae03c367e52,2023-08-26 07:20:05,42.6
e68c28dc-b4d5-4278-a0f0-e1d32573d513,2886228f-e755-42e6-aaca-39454171c861,d1445a96-3d1f-4900-9e43-358ead6429dc,2023-02-19 23:13:46,5.18
4e3c39ca-ccec-4c5e-bb60-34ec8ed35920,a9e5b16c-fd3c-47e4-8aeb-896cd92c54a8,4a7bb848-2e79-4a08-8517-a55d24e9ea06,2023-05-12 16:30:14,29.83
603d4a34-aea5-4a4e-aec4-e4183255b9be,544fd310-ef2e-4711-9fbc-cf45e61e7b90,73be8422-8d90-488d-ae99-7f4600d758be,2023-03-19 07:21:14,141.09
f38311ee-f478-4485-aec7-e7e58ed821fa,51b55660-2c12-4a25-b5be-1569ff1bde04,149d4c10-825c-4f54-abd6-708c31f85889,2023-08-22 23:21:42,152.7
707c92b5-1e64-4837-894f-f7268eaea831,080af770-13c8-405c-8e48-a48b74c24b1e,3cd8d8a9-c06b-4aad-a87e-809424cc08d8,2023-07-21 16:31:54,13.68
a1219053-2563-497f-a44e-0067abf382c7,832f901f-4acf-42dc-9707-38342ed2f803,84538e1d-32a9-4104-a4a2-8a21145a8622,2023-04-27 05:03:58,48.92
460f62fd-0d0f-428e-acea-25a7686b7b4e,bd1e19f5-ec38-4ab5-9667-3a50a5efefe0,a12ceaea-aa99-408c-90a9-d0f39b6db948,2023-07-26 17:46:00,32.13
1011ba68-c897-450a-b2ad-1b2a2b125584,f29e93e9-b1f4-4e16-96cd-5df7303c73c7,63c4a044-c24c-42c2-b78e-35a45288afae,2023-10-09 16:30:41,104.25
4742a48d-45de-4bc1-a2a2-14b84e2c92c5,3a195f09-6083-40c5-aa08-fbe7e70af122,445995a7-560c-41b8-825a-d7df584695da,2023-09-25 05:01:53,15.83
1a67ec69-f2b9-42a6-bdb2-b29019e368a9,7685d0c9-30bb-4588-8c49-03fbaceb6a9a,9742e192-135b-4693-8ceb-b2181c2b421a,2023-10-29 10:21:15,0.19
9f9d4b18-c48b-41e4-8f67-c45b03dd1dd5,baf20257-80e5-4880-90eb-e17447919dcf,0d897493-6264-4a39-93d2-59a2786bdb69,2023-08-13 15:46:17,8.87
db8ad2e3-16af-4bd4-9b70-18e9d5d9460f,ad8d5dbd-5800-419a-a4fd-383b7c6347ab,43ff6c2c-8895-4b29-896f-b5c44dc27fd3,2023-10-08 03:56:11,21.5
e9912cd0-2702-4580-9369-83a53d7198aa,66379da6-b1a5-48a3-9ab7-bb81f10a1324,59445f8a-742b-4ae2-aa14-e66539045304,2023-01-20 22:39:53,18.97
7b36ccb3-6d3c-456c-99b0-6ed1304cb233,4521d9fa-545f-4a1f-96cc-b3fc8fac2e47,75b74cd9-d16e-4ce1-b08a-0a00be8b3842,2023-07-23 14:11:58,78.36
55eff970-3674-4559-8e79-5b260720e967,64867345-e06a-4d45-aaca-64b68c249397,9b20b0fe-fbb5-4825-94f0-bb6cd7c337ed,2023-02-27 09:22:09,57.06
5b4cea9c-95c4-4caa-b858-abdfa7eb5b2b,a1c31dc8-9e53-42b5-a6fb-42c02bb4f39e,edff4fba-d023-45f0-a6f7-a1ae038512fe,2023-09-22 08:50:04,17.8
5214bcba-9276-48cf-a157-17ebf5cb5881,8167f831-1567-4337-9059-d63a900a6b49,b7e5a0b0-c626-4aad-a12e-b72dd69fc211,2023-06-12 15:18:55,30.6
7e4cbfd3-adf1-437d-bab3-6e3e3f7e0894,614d4c28-6cbd-4559-819b-5464a49ff35d,d01bb4f4-4929-4bbd-8fc9-ac2c9aca12b6,2023-06-09 08:59:40,5.02
4d6948dd-b86a-41cf-8a73-f501a85f36bf,798b9c62-4ccc-4166-bd3b-43c5bb650e15,254a06ab-e5ac-4cad-80b3-7240c672e4ba,2023-07-14 21:17:48,114.21
ebde2023-999d-4f31-a7b5-b7d3d3a90ea9,58a2b405-9521-49ff-afa6-2bbfdb0a850d,29a7dc7b-ce41-4b41-a0f7-6a6be9170935,2023-10-28 23:15:55,137.0
8078fc04-e6f5-44e2-a1ef-c70228ddf917,433126ec-002d-4739-84c6-4af51edace22,da0c5882-c45f-402e-b542-8a3dda4653d4,2023-10-02 02:18:07,195.11
be4ee4ac-5804-451e-9ec5-1b5cc039aba2,778511b6-bfa7-489a-a3c7-e6a1b8c4ef84,5cf8670b-629a-43ed-b156-6d0e874b2bbb,2023-08-06 19:50:37,101.46
0b6aa0b0-d5fb-4360-aa89-fcdc938265fc,080af770-13c8-405c-8e48-a48b74c24b1e,30bb6cb6-b00d-4184-a7ad-98da09f48bc1,2023-07-27 01:06:15,9.56
178fe01d-40fc-4b5d-bcc6-cfd062192ec2,6784ae35-3b13-46b4-9cde-63b09821b4b9,12ab4df7-8313-4102-b832-facb809807b1,2023-09-07 20:04:31,2.36
0448bcef-635d-4255-bd2c-1ce5cb0ce9fb,0ec180d5-76ef-4e3f-9e14-ebbadf3fb573,6503a5a3-bad8-4665-a5f5-94153430dc77,2023-04-13 16:02:02,43.33
23c859fe-a029-49e1-be44-adf14f17ca20,08fb3602-e86a-4873-8fc4-d1fc79fc38fe,97e82609-c0e2-456f-8d28-83f72c67e473,2023-08-25 22:19:33,121.87
f2ff55bb-141f-49b1-a5db-583a640d47bf,d9a1cf92-e7e3-4d62-956a-be4f36a64781,9c8a3e2d-daa1-48c0-bd82-8ff3077ebe19,2023-08-05 17:44:40,9.76
c2c6db8d-4705-4b7e-b499-1352ce737006,0c73522f-b29e-440e-ac4b-6fac8a60b8ae,97f4925b-c646-4b95-a025-d242315000ed,2023-03-29 07:54:45,0.35
9ec40bfd-bbaa-46bb-a8e8-78fbc402fdf4,474e6d63-e527-46c5-885c-803165879da9,104faeaa-5ec9-487e-9d05-19b17694aa23,2023-10-27 11:51:54,81.87
45981c56-657f-475e-851a-3e0abfbd651c,080af770-13c8-405c-8e48-a48b74c24b1e,d7a29c53-91bd-4103-b06e-67ade7519bc8,2023-03-22 11:58:08,4.0
a8666722-c3dc-47c5-b0aa-32de031a4c1d,16129b3a-17d6-4c68-ae5a-0f5d34d95131,97f76932-cb27-43c1-a777-4c7b401d66e7,2023-05-16 11:04:52,26.7
0855e65e-52b8-40e1-b42f-5f0ce32fd395,3d451e08-65af-4b2a-acbf-dc417af8d05d,742d2e3e-8ad4-4fb1-8b25-65c48af718a6,2023-10-08 06:23:58,56.8
4b0890f5-878c-4ae5-b497-f57421c22f22,f588ab43-cc5f-4692-8152-c05e30ead7df,ba4c8976-fba0-438b-b049-1607b6984d42,2023-04-17 04:48:32,13.51
5511b5c5-6074-4f37-a81c-8cf5d65962eb,50f44e56-8c68-4d65-860e-aa965d1e9559,672adf7e-86a1-4a6f-bc54-67adf70b2942,2023-07-30 22:54:21,4.38
18e5cea7-dc96-4081-99f7-cc39a24bcdd0,58fbd995-7606-4323-b665-fcff5f23416c,9e62d979-74e7-4c92-bb5a-fd261de933fd,2023-04-23 19:12:53,73.49
d29c6ddd-e4b9-4c33-badf-82ae6907d9b1,3188d4c0-949d-4bcd-aabd-f51f565abcf9,25c841c6-18b0-4e48-a332-008e620150d4,2023-10-05 08:16:45,49.74
7491c144-52da-4444-80ae-d7dec025e6ff,e1ea0331-f175-4db6-b65c-e0ede7b283be,18d3ed62-419a-47ff-bfd4-0ac76b458a8c,2023-06-21 19:14:39,223.23
18f011ff-f20c-4e48-a55c-b44029ca564c,82b2b98c-cba7-4518-a03a-16fbfc31fa79,96719c5b-fcde-4ef9-9bb4-1b86bf01d227,2023-11-18 13:04:09,21.1
ef831a32-5a27-4870-a778-0facccc6b3e8,3dac2576-8a81-4874-bea2-e4fc5a09fc45,0d895ce8-1d52-49e8-b47f-8fcc6e6684e2,2023-02-23 07:28:36,3.19
e84d9ce1-2255-47ca-8ba2-d5577cdc706b,e7f9ca4e-0300-40c1-a336-4372ad0f1496,d163c7c4-f22c-41f8-8903-65c5fb6b7782,2023-10-15 17:36:15,66.28
13636d9d-fb71-43e7-93bd-2a0b55b35261,05c8d4f9-cd2d-4467-8ed0-d2bbdebeaf0f,714a539b-51dd-498a-9d6e-e627c04f3540,2023-12-18 12:55:41,36.88
486790e5-3857-4671-a0ad-d668141adffe,b12ae920-a911-459d-a857-81d3249f5906,11d275d8-da2e-4ea7-a3e8-ede5f6400774,2023-07-26 05:39:55,11.99
563918d0-7798-42eb-b874-ea6f688492fb,d44823a3-82a9-48ac-84d2-5966a7b7d4f5,7f099fef-406c-4d69-96ec-024436e331f9,2023-07-03 11:07:24,76.1
55a90752-1d90-4933-badb-69b6446d60cc,054f37e9-9e4a-4cb7-8a9f-ac5a88ecfa04,6ee64db9-1ca0-4b23-af13-a285aaa9f933,2023-02-23 09:17:08,11.39
df938d7c-f540-4596-8729-31067a05e0ee,4ef7d48b-f7c1-4b86-b677-97559b7b1cc5,4a8fc7d8-aa85-4e41-a579-cfdab4b2fcff,2023-09-11 13:24:06,15.1
7976be74-f449-497d-b77d-7f25a5f90820,ded963f4-2a60-40f1-a7c1-1624a3a4e543,0ea0cc28-bb37-42bc-9b80-024d362e34b5,2023-12-08 03:16:40,4.85
926f64bf-fe68-48b8-9741-6a52d744de21,dac13160-1acc-42ca-8d49-364de2c5142c,6f076bcb-3c1a-4d4e-91db-51c6d783dd7c,2023-07-05 10:08:33,25.49
a6f1e4a0-752b-4a5f-a3ff-af88a4ac4674,5485e3a3-4a6e-490e-bfc4-02a5d1396408,94fcca00-f1a3-4a1a-9fc1-87d6f866d86c,2023-02-04 17:50:03,27.14
d73a927c-5c52-42a6-b568-22d30de260f6,080af770-13c8-405c-8e48-a48b74c24b1e,09993a60-44e0-4108-a33c-423046748a83,2023-03-10 06:28:10,36.14
861358df-5f1b-4081-8f12-290ef50a6054,e6d80115-4636-4b4e-b4a3-71eaf5097fdf,8f884342-d1cf-4e78-8212-265c24adf2f4,2023-12-24 03:37:03,61.72
4498a239-9677-47c5-ae60-c0c7ab44c57a,3c2a86df-314a-453e-98e5-c532672c0455,18af56cf-59d9-474e-ada1-11f69c0e8aee,2023-06-04 04:15:27,118.28
936cdae4-0649-4e76-9141-f69a2cf01151,466374db-3957-4d91-af2e-d59caa67b606,bc5b65f0-bae2-41a8-808b-c97d30620334,2023-12-05 18:20:18,7.41
31119fc4-2377-4954-804e-89d11589e270,b2501e25-3271-4be7-b66c-71aadffc946c,5e768a37-3cc7-41f6-83cc-c98f5fb6e002,2023-01-04 14:22:34,2.79
39beb0ce-9b20-48bb-a928-7092064875ed,a2ddb9fa-a1fc-4690-8087-dced6dd99aba,d1b70bde-9bfc-468a-bc36-a4fdb22db0a9,2023-12-27 13:49:34,0.94
6e3a04cd-efd2-4698-926a-a9da93c72873,e7b85bd4-df4b-40be-91f2-4849e15014bd,2214f7ec-3a40-47f1-8817-27a16314f8b8,2023-06-26 10:50:25,7.75
e84bf651-3f37-453d-b4f6-6f4abb989db7,28e3fe87-d00e-4275-b3d0-a3df5ed43987,8d73cb77-3ecf-4ef0-8db6-6ee6d102bc09,2023-07-11 19:35:50,53.64
943c1fc0-99fe-474f-9cf1-d5699a738744,e726d833-c248-4bdd-af1c-0e01d41d3789,3432ae5d-7d61-417a-ad50-598988ad487d,2023-05-11 22:06:47,65.0
d9fd1be6-c095-4f86-bdbf-30f5b5332175,dd55bcad-f6d9-4e0e-863f-c3a04beb6ade,ae2ad20d-d770-469b-833c-d695e2102afc,2023-11-04 02:29:19,77.21
e4475db8-1e12-49c7-890a-c9a4a4e3fcca,2ad4271c-f3fe-4b37-b400-551c7d34a9ac,fb52e05b-30a8-4fa2-8c1e-d3288528ea3c,2023-09-06 01:21:21,13.97
8c854e44-af73-41e0-81c8-f5f4465d96b8,bd1e19f5-ec38-4ab5-9667-3a50a5efefe0,5e114d5b-1e55-40f1-a949-ffc909671c74,2023-06-07 11:26:39,18.26
a99fd236-7cf0-4433-ba55-0484569ea6a1,0b2770be-77d7-49fa-9e99-d8337931a6b5,a7c09e43-ed90-404c-96cc-bac8f955fffe,2023-01-03 15:39:40,33.0
9c87bb8d-91aa-4f27-8bd5-4a03d475fb55,44913d68-0203-49f8-8e93-f23c395a8104,c0c4548f-b5d4-41fc-b49f-0fa7b9461040,2023-04-12 06:41:41,3.26
d1d973da-ea37-4725-8d7d-23ed146d3fcc,17723741-7c8d-42eb-8655-ffc92c8cb624,3d5275a5-e3d1-430d-a239-4a6ffe383ad4,2023-04-02 11:13:01,47.23
fd197df2-860c-4143-b7f1-c4f005b47b4d,1620cd5c-9374-408e-8df1-2a8d2ab0b596,5522cf71-de67-4c94-b11a-47b1279b085e,2023-10-20 17:31:16,205.94
