user_id,age,gender,signup_date
3c4f7a2f-1274-4d17-8ee0-cda320a03fdc,56,Male,2023-09-06 07:53:23
b8a66df8-0d2b-47cc-b631-0c360e903353,46,Male,2023-02-13 05:40:50
d3c9b23f-d13f-4b80-979a-f613419ec074,32,Other,2023-01-10 17:07:01
466374db-3957-4d91-af2e-d59caa67b606,60,Other,2023-10-15 23:45:05
c36895e6-d58c-48f3-9e91-cece30bcff71,25,Male,2023-04-17 19:27:32
b5dada0f-2ce0-4c95-9658-55e06946ec18,38,Other,2023-04-06 02:33:27
fd24b500-fbec-4d1c-b3a4-72030e9d94c6,56,Male,2023-03-28 16:28:29
204fe2c6-1387-4c99-8c09-e8c34809c9d5,36,Male,2023-02-24 04:35:15
56c04fc4-cbae-4b04-aaf7-13f61d9c0c15,40,Female,2023-10-14 00:24:33
38cc6ce6-1915-4902-a642-6c49bd2164de,28,Other,2023-02-09 19:19:27
fd9e9458-b84b-4598-94e9-bc5eefee0ba1,28,Male,2023-09-20 19:17:46
16129b3a-17d6-4c68-ae5a-0f5d34d95131,41,Male,2023-10-15 15:31:25
44868a2a-6a6f-46d6-a190-16506c6d7b0f,53,Other,2023-12-13 11:42:58
60d4580d-87fa-48f2-8439-7680f74d342f,57,Female,2023-07-31 19:11:04
aa3a7fbe-286f-484b-8b30-199dc9c77e37,41,Female,2023-02-03 18:19:43
dd25d0d9-2715-438d-b79e-2a8d41dc82b9,20,Male,2023-08-18 07:47:20
d2bf1471-3bac-435f-9db3-bbe86c8a6670,39,Other,2023-06-13 20:35:47
31c38812-4342-4b6f-92d0-73eac050bab8,19,Female,2023-01-13 08:14:09
0e65d3c0-fc03-451c-b20d-7e5bb1a144d7,41,Other,2023-01-12 13:43:48
506c439d-2bfc-4107-ae45-9805469b89dd,61,Other,2023-02-06 09:18:10
4c13cf51-b23f-404c-986e-18494815623e,47,Male,2023-03-26 21:51:13
ccbdbfa1-3660-4db9-8721-86df5507ca1e,55,Female,2023-04-01 08:33:24
01f4082c-38bc-486d-a31c-9dc2cac83df5,19,Male,2023-07-16 06:15:09
f6d9f6bb-bc32-49ea-b062-2558ff4cbec4,38,Female,2023-08-22 19:13:16
8a21a644-bab4-43d5-bad3-54056be04ab2,50,Female,2023-01-11 07:19:59
e951f78e-b433-49c5-a7b6-a9d91abb8418,29,Female,2023-08-06 23:10:59
24667fa9-7bd5-43a5-88e2-cf2051221ad3,39,Female,2023-03-19 05:18:04
5cfffd88-ccbd-4b8a-ad1b-9f4887e1197e,61,Female,2023-10-06 01:47:11
42f949ac-6679-4a17-889f-10e45506ce66,42,Other,2023-09-10 09:21:43
017cd7c9-e0b3-4c31-85a1-eabefe0f9cef,44,Male,2023-09-30 08:49:21
dad4c52a-3ccc-4ec3-abe8-36bc3a55ed1f,59,Other,2023-07-31 15:13:21
b4e0433e-3b67-4797-98b2-f60c698c4c71,45,Female,2023-06-12 22:12:29
68a94868-7d29-4615-aab7-5768e216e75e,33,Male,2023-03-27 14:39:19
4ef7d48b-f7c1-4b86-b677-97559b7b1cc5,32,Female,2023-06-24 10:55:54
2fb54012-cecf-425f-9e4b-036d5868e5a1,64,Male,2023-08-17 20:21:15
7483b709-4249-4ee2-8464-168bc49a7e63,61,Other,2023-04-19 00:55:31
f8bda299-bbc9-49a1-b556-da45fabe509b,20,Male,2023-11-11 08:26:19
f553eb29-03ab-4373-9cee-968c13776f41,54,Male,2023-12-04 14:27:58
0ba037b6-e552-4e35-b978-1e50108dfb92,24,Male,2023-01-03 12:34:22
dedb2759-961f-4883-9421-a9ef026255ff,38,Male,2023-10-22 16:35:50
d6690f74-dadf-4731-8eb2-7bc58197a8ed,26,Male,2023-11-09 22:46:47
9b5861ab-d195-4659-a2cf-a8bef912cd1e,56,Female,2023-03-04 00:07:57
a4f226d0-1d47-4cd2-81a0-8d76ec16be3c,35,Male,2023-09-29 03:07:50
561bd7db-5455-4888-b27c-d93768afda45,21,Male,2023-06-14 03:03:06
6e1c3d79-14f0-49a2-b452-50a5c40ce6ef,42,Other,2023-05-13 03:21:52
b84e638d-f400-4c81-b447-4d8e0106433c,31,Male,2023-04-18 21:56:55
6b919528-b8bd-4dcc-b410-6847266b73ef,26,Other,2023-03-02 09:10:26
92008dd6-d9a4-4c24-8af9-e63b91650741,43,Female,2023-03-25 14:52:10
e3802dc5-0ecf-46d3-bb94-0b42096bfa66,19,Male,2023-10-24 12:16:51
083855a5-33b9-48d2-8560-fd46990fa4cf,37,Other,2023-05-11 17:17:18
75f44518-b64d-4a95-ba2a-653be44aa9d3,45,Other,2023-02-09 16:40:07
41505749-0e7f-409f-b1de-4254c9f5668d,64,Female,2023-02-06 00:27:14
246f60f7-822f-4d2c-98b6-e8c636bd07ac,24,Male,2023-05-28 13:10:44
983126df-ad82-405b-a329-4511d92e8324,61,Male,2023-02-07 13:27:43
6134f459-0fa1-4883-b1ef-17c97bb3be47,25,Other,2023-05-20 09:55:49
d027a030-bab4-442e-8c6b-7d495b18c2f4,64,Male,2023-11-26 03:13:12
1613ceba-fa57-4798-9bf6-15cc1f5e5013,52,Other,2023-05-14 13:53:58
4521d9fa-545f-4a1f-96cc-b3fc8fac2e47,31,Male,2023-08-23 11:08:04
1a1b6b25-5db6-4c17-95f7-7b7bad2170a7,34,Other,2023-04-13 17:30:47
9740abdf-5414-4a87-a199-f3f832d2b04e,53,Male,2023-11-10 10:58:50
51b55660-2c12-4a25-b5be-1569ff1bde04,57,Female,2023-01-17 20:59:14
876ad494-1494-49c6-9a4c-4fa0a0f0021b,21,Male,2023-10-11 09:35:35
f588ab43-cc5f-4692-8152-c05e30ead7df,19,Male,2023-06-28 10:09:00
765fb854-a27c-4b54-a7ba-b54e2f066f88,23,Female,2023-07-28 06:00:29
e19eae08-2ace-4385-8711-e81cd8cdd3ae,59,Male,2023-02-18 11:27:50
a21bcff3-596e-4472-8c93-0a2b19c35f4c,21,Female,2023-12-25 04:24:57
c12538cb-2aa8-42af-b956-49ff97f78b7b,46,Male,2023-05-28 00:11:46
3a195f09-6083-40c5-aa08-fbe7e70af122,35,Other,2023-01-31 14:28:15
ae6ac1da-206e-42ab-8fe1-f44b79399f1f,43,Other,2023-08-03 09:23:29
842c77e8-e070-488f-a140-8602242e8177,61,Male,2023-04-24 20:37:10
d71bd8d4-51da-40cf-b4ca-6be0bd3ea09a,51,Male,2023-11-19 02:36:42
90f32ea4-de73-4f5a-8791-0db59fb83e82,27,Male,2023-09-02 03:20:51
1620cd5c-9374-408e-8df1-2a8d2ab0b596,53,Other,2023-08-29 05:01:18
e2ad7faf-f7df-417b-815d-078c8373425b,31,Male,2023-12-10 21:00:30
334156bb-b766-4df3-bf30-a20a1ad01952,48,Other,2023-12-01 15:41:25
998d374a-f741-49bb-a6d9-9dd6c6e90489,32,Female,2023-05-21 10:40:57
fa37302d-8b04-4cc8-b333-a3579794d795,25,Other,2023-08-13 05:18:43
99634f1c-0ac8-4838-ac10-abaefaa51d62,31,Other,2023-03-16 16:15:34
7685d0c9-30bb-4588-8c49-03fbaceb6a9a,40,Female,2023-10-01 15:05:07
7d5203ab-9b59-43eb-b092-4fbb3a7a3d2f,57,Other,2023-01-28 00:18:03
053bd943-5d33-48f9-987d-0bd4ba48e610,38,Male,2023-01-18 19:06:51
be6497a1-62d4-41c6-955b-a49f74373ce2,33,Male,2023-09-14 19:25:15
d11653f9-2518-4e29-abd1-11d83c81dafd,62,Other,2023-03-30 12:09:57
e07b0de0-e653-4236-bbc9-837112066e88,35,Male,2023-10-28 05:31:09
2e94552f-78e0-4d1f-a67e-7ba7690a5fe6,64,Other,2023-04-23 09:17:28
5003e3bb-a661-4fff-afd7-7b1631bf3222,41,Male,2023-01-31 23:42:54
321d09de-d8f1-40e4-b90a-589af76de4bc,43,Male,2023-11-29 04:08:20
13429b1f-e84c-4629-9f8e-35ffbd8892fc,42,Other,2023-04-01 09:46:05
d788bbb3-4ece-450f-99d9-11e822002ffe,62,Male,2023-12-03 12:12:47
937b46f0-d7ad-4e7f-8999-85c086a55c66,58,Other,2023-02-09 05:24:05
499c0153-1f5d-41ca-9a70-0647a2cf7575,46,Male,2023-05-28 15:01:59
4aaef96d-bca3-4fb3-bea0-6193b8a56e8b,32,Male,2023-04-18 22:54:06
d8ec7459-7168-45a1-a795-e738cef4d690,62,Female,2023-06-26 02:05:25
7d3d5546-b722-41ad-bc30-e9f97c7ca53e,18,Female,2023-09-04 21:00:30
fc8d083b-c847-41b3-badc-b484f522ff10,42,Other,2023-11-20 22:28:21
277d3319-0943-4ba7-a040-4e96b55362ee,24,Female,2023-05-22 16:28:56
54bf8328-6f2c-47b8-a35d-594f4922f0af,26,Other,2023-03-05 04:02:45
803aaa06-0d3e-4388-9e71-f99b6270d8ef,41,Female,2023-05-24 18:20:12
9f1bb602-dc7d-4125-99d7-ae5ebd216112,18,Male,2023-05-18 23:21:46
dd55bcad-f6d9-4e0e-863f-c3a04beb6ade,61,Other,2023-03-23 08:44:49
474e6d63-e527-46c5-885c-803165879da9,25,Other,2023-09-18 06:29:07
1d2fccdc-9745-42c6-bf0e-51c55dfdfb5f,41,Male,2023-04-14 16:24:49
b84d2a9d-ff8e-43e4-be4c-a6d4f22ae732,28,Other,2023-09-30 13:26:21
67495263-d0be-419c-b31b-5b93a01610ab,34,Other,2023-12-30 18:15:12
e5081339-62ae-4ac2-be4c-5d1ccce9b7a6,25,Female,2023-09-23 11:07:33
75951024-381a-4b88-82fc-d8b00286da62,52,Other,2023-09-09 16:07:39
5970e80c-3069-430e-8bcc-f0117083a94b,52,Male,2023-01-28 17:31:10
1449076b-7d97-4a50-886c-2c3add7b49f7,50,Female,2023-08-25 13:30:44
5069bc43-c4da-47a8-a2bd-3d3fbc2c4758,22,Female,2023-09-04 14:25:35
1de434ac-9520-44c2-8646-07f7591691da,59,Male,2023-03-08 11:07:40
890654c5-9842-48ff-891a-00dcfeec3434,56,Male,2023-07-27 10:32:40
5eee0dd4-0561-4292-81ba-b9bd9fe743d8,58,Female,2023-10-11 03:57:15
b74fd875-d3df-4825-8e79-d4a1c0b1aff6,45,Other,2023-04-06 01:48:11
6784ae35-3b13-46b4-9cde-63b09821b4b9,24,Female,2023-03-05 11:01:17
af0f614d-496e-4256-aab6-d65218fc2ea0,26,Male,2023-06-29 12:34:38
1c548eb1-cbf4-4aca-9393-bb8c9a237c1b,25,Female,2023-05-28 08:46:51
a2ddb9fa-a1fc-4690-8087-dced6dd99aba,29,Male,2023-04-15 20:05:45
84eae8b8-a085-4683-a4d3-f43c0ff4bb12,51,Female,2023-12-26 09:16:15
8b5b8767-8c9a-424b-b95d-1f12350de005,50,Other,2023-09-06 13:13:48
41e5fffa-d76e-4ea9-8656-6fb44610300e,40,Female,2023-09-25 06:08:03
d737db63-81a6-4612-9ac7-24b55150bf10,41,Female,2023-08-05 07:08:52
8d764041-d494-4823-8bff-e3c40192f492,54,Male,2023-03-27 06:57:42
9fd8cde4-52f4-4b66-9998-7237173010c9,52,Male,2023-09-23 21:04:02
78058193-0c6d-4a8b-944d-a58dab239920,61,Male,2023-05-06 22:32:02
3c3268f1-6d2c-4d7b-bf42-301fac525a85,57,Female,2023-11-24 07:56:57
9f868448-40b4-4a24-a96d-a0296e132167,39,Other,2023-10-26 09:12:05
848c3626-6d8b-4591-b8fd-0ed9537bface,44,Male,2023-10-29 08:50:36
733cda32-0bc9-4e42-b56d-71cb88463a5f,52,Male,2023-01-22 17:22:46
3d451e08-65af-4b2a-acbf-dc417af8d05d,18,Female,2023-03-30 22:52:57
9f8ed6ba-c003-46df-8eaa-79cbb2552e5d,52,Male,2023-11-16 03:45:19
3188d4c0-949d-4bcd-aabd-f51f565abcf9,54,Other,2023-01-13 11:11:45
784d8bc2-4dca-491c-89c2-e45c1b85a818,64,Other,2023-11-09 15:34:14
1d33aa23-621c-431a-9f2a-04f6edc952f1,31,Male,2023-05-03 12:14:07
e73effce-2f59-4547-b315-acd480b7f7dc,20,Male,2023-06-05 19:07:36
1d08da00-f32e-4468-8e8f-6f8d1981d7c9,18,Female,2023-04-14 23:31:33
a901f1df-a846-443a-aaa7-6fa4fa5e59b8,22,Other,2023-01-26 16:55:21
4574168c-af83-4ff9-952b-10ebccc8e6e1,43,Other,2023-03-23 22:30:09
b4e25a13-fb4a-46f6-86b4-b9ea0cc96835,31,Male,2023-12-21 15:02:43
fd9d1182-05cd-4ef1-83cb-2289156188ca,56,Female,2023-08-09 06:30:04
42a681b5-05a7-415b-92ca-89758b28aa45,44,Other,2023-12-07 08:20:17
ddeb9bc5-f937-46f0-b251-29960d7d9908,26,Other,2023-10-06 19:26:45
e726d833-c248-4bdd-af1c-0e01d41d3789,32,Female,2023-05-03 05:00:37
b2501e25-3271-4be7-b66c-71aadffc946c,32,Female,2023-03-24 13:49:22
985a55af-ac71-4a50-b58a-206eac5d6f30,43,Other,2023-09-12 13:07:52
7acebde4-8221-4275-a514-5fe088c66a00,59,Other,2023-07-13 21:10:21
750ba352-3cfc-470c-852e-3be25da96f37,30,Female,2023-06-03 15:33:23
868baaf0-59af-4be0-9ef0-af46202d0135,49,Other,2023-12-10 13:50:40
e6d80115-4636-4b4e-b4a3-71eaf5097fdf,56,Male,2023-12-22 04:12:04
aba5e7ba-003a-4819-a3b9-ea57b7c3781a,49,Male,2023-09-07 15:48:49
96e3bdda-1e66-4500-a0c2-e14e3560e45d,21,Female,2023-06-28 04:48:33
2b5db3a2-cade-4b97-81bf-e72bc682a13f,47,Female,2023-02-25 11:39:35
544fd310-ef2e-4711-9fbc-cf45e61e7b90,54,Female,2023-04-13 20:51:43
64074ed3-6b22-41a5-b787-2151cbb7c38c,40,Male,2023-02-24 05:26:56
f29e93e9-b1f4-4e16-96cd-5df7303c73c7,56,Other,2023-04-06 18:44:05
e307e298-4f93-4fdd-bd8c-62c1335a757a,62,Male,2023-10-17 07:48:02
ab6f00ed-ffe6-4130-8896-6e211e78611d,32,Other,2023-08-07 00:19:48
ae38f64d-c634-49bc-9dad-aa9607f0cb22,60,Male,2023-07-29 07:37:56
a47b73d9-5b1c-4cae-97a2-b714c45c80b1,46,Other,2023-04-13 00:55:45
c9997fd4-ece2-437e-9308-d29ef334889a,53,Male,2023-10-18 02:40:24
3d653908-051e-4a24-9e1c-d2097d8dd153,30,Female,2023-08-16 00:44:10
2886228f-e755-42e6-aaca-39454171c861,49,Male,2023-06-16 09:17:33
eb4cbb51-1732-4e40-b2b4-3eb79a4eed4f,24,Other,2023-12-15 16:18:56
32cbfa6e-8533-4f35-95ed-f2fcbb33dc07,39,Male,2023-08-15 14:55:15
8df43997-24bb-4232-8fe9-aaa916cb7b09,45,Male,2023-06-05 02:40:57
80bcbd20-ed57-4c8f-aa15-ffa56fb7f85e,19,Male,2023-05-21 14:03:05
9698a7d2-cbd5-4101-bdb8-ee5fbd40942f,59,Female,2023-03-27 04:13:03
2759c888-fbc7-4bd5-aae2-466a9b6371f3,62,Male,2023-02-23 17:20:43
37c2c53b-57b5-4741-a58c-f9ec549437f8,23,Female,2023-07-17 21:07:45
d7703b87-7b32-44b2-a5b2-332485e7623d,45,Female,2023-07-11 15:54:03
8ff8941b-3367-4ac4-acf2-eec864db1f0a,45,Male,2023-02-05 07:20:13
c325f669-5655-4a9b-8219-9fe784f72809,61,Male,2023-10-21 12:24:01
538ecfdd-4c11-41cc-b057-51bac45e2e1b,61,Male,2023-01-19 07:09:23
44913d68-0203-49f8-8e93-f23c395a8104,37,Other,2023-12-01 10:03:39
89849918-0f00-4792-9988-4f9e60a82c76,47,Male,2023-02-12 14:00:14
179cc048-d50a-470c-aee7-e14278b50d32,28,Female,2023-03-01 08:35:03
0c73522f-b29e-440e-ac4b-6fac8a60b8ae,45,Male,2023-09-01 16:13:15
f420a1fc-af64-4652-8c0a-68a7648efb32,42,Other,2023-03-04 03:08:25
0b20be9c-9797-43c7-bc27-6406de85c3b7,56,Male,2023-11-04 14:42:53
d29a36d1-6e7d-425e-9e99-c0e06d02965c,50,Other,2023-09-22 06:32:40
84b88666-39c7-4ab6-9afe-88ba6bcadfbd,18,Other,2023-06-13 22:48:57
76e19f03-e3c3-4ac1-87e7-70a19d673fc0,44,Male,2023-08-20 14:56:06
3a4fd149-28ea-4316-a3b8-a88793bc92dc,30,Female,2023-01-25 16:07:16
fe2a4539-f06d-44ee-aa8f-9cf0740fdfa2,58,Other,2023-05-30 10:17:28
154a90ae-b5a3-4cf0-814e-cca6c7292596,20,Male,2023-05-29 04:56:58
7df5fe26-280c-4d07-ab91-11f2e153893f,56,Male,2023-08-20 10:04:57
c376db46-9a8e-4de9-bf22-1209462b5cca,23,Female,2023-07-01 18:32:28
0b1481b2-86ab-490e-a29d-d572196b8e9f,25,Other,2023-07-25 11:42:11
1df8c078-2cd9-45fd-b27f-dfe315c4879d,44,Other,2023-04-08 15:20:57
5148983f-a178-409d-9ab9-97e38e3b716b,26,Male,2023-08-03 20:26:20
5a2665f5-0cb6-4a9d-ac9c-9cdc68b91ada,54,Male,2023-12-01 07:02:53
0d363580-c2f7-4122-89a3-1739d5e0e889,50,Female,2023-01-05 11:00:39
3e47c2a1-e169-460b-b641-b42c9fac410f,59,Female,2023-09-22 04:42:03
2259288c-42ae-4fc0-af35-0c5ebbb9e587,61,Other,2023-10-07 21:36:51
d747f230-5b16-4266-9b43-884e2cfd3792,41,Other,2023-02-14 11:41:58
76014403-81fd-40bd-b3a1-1eea26178e21,32,Male,2023-09-22 18:00:04
af90e486-f1db-4696-83d6-3784bde095d4,49,Other,2023-12-10 14:49:33
798b9c62-4ccc-4166-bd3b-43c5bb650e15,49,Female,2023-07-28 12:55:34
83723164-b7e4-484b-b0d4-9f16bb135880,41,Female,2023-10-19 14:41:18
621c1b27-77f5-428c-9247-e238a7a04533,58,Male,2023-04-14 14:59:27
4f2b5a12-8cdb-4148-a1eb-80e2ff2d6c63,29,Female,2023-10-26 11:51:33
be6871d9-2ded-4227-9ff7-4ed85ce3add2,56,Female,2023-09-06 22:11:49
2e64e428-86e4-46f5-97b8-6814ce651017,19,Female,2023-05-13 02:39:54
df07d97f-444c-4ea2-a3f6-660e7d2f75d5,20,Female,2023-02-13 07:44:29
96108242-5958-4bfa-9d54-0a3ee0305a6a,54,Male,2023-04-24 23:37:10
08e68d94-fd72-4fef-9835-f91c9ad4ccaf,34,Male,2023-06-18 20:18:21
17723741-7c8d-42eb-8655-ffc92c8cb624,19,Other,2023-03-03 10:08:13
b9d6d727-400f-4ed6-91e1-5ca71be066f0,19,Female,2023-06-26 05:00:41
659ab890-a915-4671-b791-8fa7c130c704,45,Other,2023-01-02 06:14:54
4c5e428f-7a56-41e9-9516-79ea60df65a9,40,Male,2023-10-08 10:23:08
ebb109b0-1ba3-4bab-bd43-af5bb0efb485,54,Male,2023-12-07 03:32:27
3dac2576-8a81-4874-bea2-e4fc5a09fc45,49,Male,2023-10-07 11:54:36
ed1a2371-a4f0-4e07-a2ea-e5cd0d44a6f0,50,Male,2023-04-13 06:57:49
b12ae920-a911-459d-a857-81d3249f5906,18,Male,2023-07-14 09:48:02
baf20257-80e5-4880-90eb-e17447919dcf,36,Male,2023-10-23 22:00:08
1c5900ea-4ff8-483b-b934-1bdf88bb8f76,19,Male,2023-03-11 09:09:22
c994a117-1fe7-4c90-b20d-ebe993c22891,61,Female,2023-07-17 03:56:10
90bdd6c9-fc02-4c23-93ae-2f5d3fdad2ff,43,Other,2023-12-21 10:18:28
054f37e9-9e4a-4cb7-8a9f-ac5a88ecfa04,49,Male,2023-02-11 07:49:14
85a47f64-b65f-4ef7-87eb-864548c6e238,23,Female,2023-12-05 01:49:16
3bcebf98-1ecb-4eaf-a09d-3deef794501b,49,Female,2023-08-31 20:13:12
a4e81622-5c95-4a0a-96c1-47bf6c39b389,21,Other,2023-04-26 21:42:25
cb1303b9-c42a-4465-b7a3-6c4c276bb82d,28,Male,2023-11-23 20:55:36
f9fba80d-9b84-44f5-ad1e-4e1d61bdd7a5,34,Other,2023-09-06 03:26:27
f570da4b-e9ae-4b61-83a5-de15bf32cdc2,55,Male,2023-07-17 03:45:39
2ed7dbaa-f401-47ee-acae-0a97e61e9358,41,Female,2023-08-25 12:00:49
ae9c43ac-a518-4893-b9f1-749fcbf58979,22,Female,2023-03-19 05:59:09
0daa3e48-4318-48d1-a4a6-6b87d0781f92,51,Female,2023-03-01 08:33:54
f7d7e1cc-a2c7-40d1-9852-d38fea6aa362,23,Female,2023-05-26 05:07:46
64eaead4-2682-4904-8089-4545d3ee9b0c,39,Other,2023-10-24 03:06:56
094a94b3-747b-4c76-841e-0a0cc33a611e,28,Male,2023-03-04 17:44:46
e3fb7d75-6396-47f7-b9a6-a1ce1c569f75,33,Male,2023-07-29 11:22:36
6a40be6a-df15-4e3f-a763-d9be76b3f369,50,Other,2023-10-30 09:19:29
099015b2-6236-44dc-8165-5ba8c119dd82,26,Male,2023-12-25 05:42:31
3e58c9a2-e734-4373-b163-26c0f411a8da,23,Female,2023-07-25 23:15:16
00918c67-3619-41fd-9908-fde214a5b274,33,Male,2023-12-23 16:58:47
f7c0e15c-fbf4-4d6d-ab55-3cef1537cdd5,46,Female,2023-01-01 05:19:49
e2425c82-00fb-4a7b-ab55-091898fbee0e,20,Other,2023-08-21 14:34:05
828c2e14-8556-4409-bf33-13947ff3677c,37,Male,2023-05-06 21:21:12
e94018cf-47b4-4f32-b376-a31f45e2d43b,53,Other,2023-07-09 18:08:07
1ff248ac-0409-4594-9717-cb68aeba6803,36,Male,2023-01-08 13:32:11
9ac3fb9b-b886-43a2-96ee-55ae48030b4d,43,Female,2023-02-13 10:40:57
b46e880c-5c0d-4321-a63f-03c4b0f6d84f,20,Other,2023-12-27 19:49:36
ae7b5cdb-0f5a-44f6-8acb-1de604d82a17,36,Male,2023-05-21 23:13:33
2f9cc123-bacd-4bf9-8e8c-e42bb9cc2603,37,Female,2023-12-08 06:16:53
a05f1a94-d49f-4614-b7cc-ddc8be257fcb,49,Other,2023-11-19 23:41:04
a1e535aa-fbc5-4c5f-abac-06c1cde9bbae,24,Other,2023-11-10 07:41:10
04f544c4-d4cc-42ac-8bca-3246f60028e3,58,Male,2023-04-30 10:14:21
64867345-e06a-4d45-aaca-64b68c249397,50,Male,2023-04-03 23:51:26
4c079df3-57db-4cd2-bd89-db67fa7dc8be,57,Male,2023-01-23 11:54:06
a1eaedce-d22d-498f-b1a0-c271ed131582,56,Female,2023-04-04 13:05:09
03c96f66-8d9b-47e7-a6e2-2ef6253543b5,35,Male,2023-12-07 23:38:33
d96675ab-db1d-422b-850f-cf497df8d382,57,Other,2023-08-09 08:08:59
80433a9c-63e9-4afc-92ce-2d524758f834,18,Other,2023-01-31 14:04:08
f292b3db-be21-41a0-97f7-5982ecee4853,28,Male,2023-02-03 06:20:52
1718d0a2-08c1-495d-8238-a8672f57c52e,45,Male,2023-10-12 05:52:23
5840e05a-aabb-493c-85bb-3a0d66ed148f,42,Other,2023-07-08 17:45:33
505ffa72-2058-46ce-b1d8-dfd6cf62ea79,40,Female,2023-11-13 21:53:16
620405eb-184c-4f13-8cdb-09a541505fba,48,Male,2023-01-27 21:06:26
d019e439-140b-4713-b220-bc3e02633a4b,47,Male,2023-10-23 09:19:33
e010113f-c25c-4a05-ac81-228382ea845e,59,Other,2023-07-26 21:10:52
2e774166-e972-4d6b-8c22-703ee87d431f,52,Male,2023-10-25 10:05:39
95310f2d-b978-449b-839a-9f7052aea042,24,Female,2023-02-18 20:10:22
5f75d99f-ab88-4d5c-bf73-494d821f5f38,33,Other,2023-02-19 20:41:42
48bd74cb-f5f9-4933-896b-2991ef5ba0e4,43,Male,2023-09-14 05:19:24
8581fa9e-6a5e-4a77-8717-0dd78bcd4acf,19,Other,2023-07-04 13:57:10
c35a636f-0321-49ad-8f90-d823fb74ddec,18,Male,2023-08-02 12:32:27
96dd02db-a341-45e1-9506-4590cd8324e6,29,Male,2023-03-06 03:05:41
332f5f13-80cb-4d31-92b3-a0be48527023,22,Male,2023-04-13 22:30:24
50f44e56-8c68-4d65-860e-aa965d1e9559,54,Female,2023-07-24 22:16:34
ad8d5dbd-5800-419a-a4fd-383b7c6347ab,49,Female,2023-12-05 19:39:55
8ba48fa4-6ede-408e-8223-04345f49a5c7,26,Other,2023-08-24 13:51:54
43eeb8d6-d746-4664-b21f-b048cfcc5aad,58,Male,2023-06-14 07:55:53
ff3b2434-8059-469c-8916-0b870012fd06,52,Male,2023-03-24 06:06:08
811a2d89-4f0f-4d24-bc8c-cb7d28ccddfd,36,Female,2023-12-27 18:06:04
c37e69ec-d636-4ade-a5b3-1872d1357e3f,33,Male,2023-07-29 10:36:13
73970ca5-2da9-4330-8466-f64bda620924,20,Female,2023-10-21 07:34:54
9df8db01-5cf9-484a-b968-bf1665b97ec9,37,Male,2023-10-11 11:27:02
aa1f6557-a0d5-46c2-8107-fc5d6b90af85,41,Other,2023-09-25 22:01:56
8167f831-1567-4337-9059-d63a900a6b49,50,Male,2023-03-20 02:51:49
a9fc677f-1997-4cc6-8296-9d01d982a13b,41,Male,2023-10-04 21:09:57
2ad4271c-f3fe-4b37-b400-551c7d34a9ac,28,Female,2023-05-02 01:24:23
1d56e79e-607a-4d2d-9d5a-76bd63310aef,25,Male,2023-06-04 22:52:39
58fbd995-7606-4323-b665-fcff5f23416c,53,Male,2023-09-18 20:34:34
1700dcca-8bc5-45fe-8d5e-7e5a4fb6f6ad,55,Female,2023-09-10 09:18:09
26f89caa-fb80-4ebd-915b-4fe2036d82ac,57,Other,2023-05-26 00:31:52
7256902f-e266-4f02-999d-86d149eeb3e0,37,Other,2023-06-20 03:23:19
7595ebf8-1521-41bb-93d5-002369833d2c,52,Female,2023-12-16 09:00:39
5347e9bc-1d04-4d56-bb95-6fdfddac1c36,42,Female,2023-07-21 00:09:23
ab7369d6-69a2-45e3-bbae-62bdd08c191b,52,Female,2023-06-25 08:09:21
f202bcb7-f1a9-4d31-942e-cdcbf1dc4ab9,42,Female,2023-02-16 23:50:27
09f1e5d6-5bf3-4253-82d5-311bd5b9d4af,46,Female,2023-04-07 06:38:52
a0685c7c-333e-4251-85aa-f64e0cde450d,35,Other,2023-03-29 06:19:51
f430d073-d731-43b1-9834-073df98b9276,63,Other,2023-01-25 20:45:52
e8e82a56-48fc-4777-bc61-06dcce57726f,35,Female,2023-05-12 07:11:09
c75622be-6dc6-4d48-9acd-18fe99cae62f,19,Male,2023-01-09 04:03:12
08b40d6e-e9db-498e-a553-bc759bf2aa39,52,Female,2023-08-17 11:26:04
a5225875-b279-4c6c-905b-79a3c69fec8b,33,Male,2023-08-04 02:55:22
47b7373c-17e5-40bf-bc56-875fe624aa2b,58,Female,2023-03-31 08:49:29
56e7f9f7-4c54-496c-84ef-6c38de66df0c,53,Female,2023-08-17 12:39:33
91d1111e-8ea4-4028-bbf0-2561bef02344,50,Other,2023-03-27 12:34:29
ea230705-ee60-4082-8f03-8552d7bf7a2b,21,Male,2023-01-03 19:01:24
3daa94c9-bc22-4f83-9072-616d30749c5b,50,Male,2023-01-28 13:42:12
a00e092c-8ae2-40a5-923c-be7a7991d393,31,Other,2023-10-02 21:33:20
5feabd62-307b-454e-acc6-5f4e16ace424,38,Other,2023-09-03 02:18:21
9ad86263-b936-4140-a58c-b8d2f0ba5984,37,Other,2023-01-23 20:44:35
c2c0b3cd-92c3-4fdd-a2ce-91dfec39230d,25,Other,2023-03-30 21:53:31
58a2b405-9521-49ff-afa6-2bbfdb0a850d,24,Male,2023-01-27 04:12:59
20df2c0f-c07a-402e-8ebf-fd0ada25fbd9,20,Male,2023-12-18 15:07:34
89b771c5-407a-4881-bfd4-09c585098d4a,34,Female,2023-01-13 04:47:23
c8456e54-d984-4bdc-a037-ece986a52dbe,50,Female,2023-11-30 20:22:57
f1bdbec3-d67d-4153-9363-befaf5e9a5a0,29,Other,2023-05-09 07:49:00
faa3dbda-ebcb-4916-9151-5daeccda32be,39,Other,2023-01-28 12:26:18
35b80c69-af2f-4238-b5d6-f7c5425f4d75,39,Other,2023-07-19 16:16:56
dac13160-1acc-42ca-8d49-364de2c5142c,63,Female,2023-04-03 10:21:50
24522dd0-bcf3-499a-9231-655928951aaf,47,Female,2023-04-19 03:35:46
531454d9-7b3c-4998-8ab8-7efce9ea6961,55,Female,2023-09-17 19:19:29
316b100d-6307-4a64-b06b-80858bdc2550,55,Female,2023-07-08 12:23:27
d75eeb18-cfd3-47fd-8e6b-941f38a7bde2,62,Female,2023-03-25 04:49:54
73fa36e8-d46c-4f66-91cc-edab8c42c674,25,Female,2023-07-29 10:01:28
58162fd7-7037-49fb-89ee-68cd63635f67,44,Female,2023-02-21 09:14:08
a5616032-17aa-4fde-be4a-f91ed08f448c,44,Other,2023-10-08 22:08:04
7e6a2298-0cc2-49a6-b1d6-3a1d38fcfba5,51,Other,2023-12-30 07:37:28
b25f1da0-108f-4910-9493-cd20efff5adb,38,Other,2023-12-09 16:24:22
c104b17c-07ff-4531-b20d-065f63ef60e1,47,Other,2023-08-10 18:30:26
1035f33e-2dc0-41d2-a40c-4d8f250f0847,50,Female,2023-08-12 18:40:54
31e7405f-bdff-4123-9309-8b99d14e6cbd,45,Male,2023-07-03 13:36:47
c2a9423b-4b65-458f-95fc-626c74572bf0,64,Female,2023-04-05 08:53:54
03c87830-8f20-4d73-b5e3-648ef6dc4642,50,Male,2023-11-01 17:10:59
10c8a32b-ca0e-49ba-830f-8560fb9da3f6,22,Other,2023-07-03 16:25:38
2d504b9c-fb97-4783-a12e-4d307dedab21,36,Female,2023-11-10 14:25:03
18702484-826a-4358-b505-68b0f93f06f6,21,Other,2023-06-08 02:04:25
ffe09144-bc0e-44f2-8ac1-3133238bcdc4,52,Female,2023-03-15 22:44:56
2e39e0c7-8deb-4190-b7c6-814e02f8225e,34,Other,2023-02-06 15:10:48
a575d221-0503-482f-a78b-a53c6de71fcf,61,Male,2023-02-07 15:27:38
9dc517f1-2f98-42cf-9d49-bccf493d1328,45,Male,2023-09-13 22:09:51
94992942-cee5-45e2-b3c8-aa0e2b69b3cd,47,Male,2023-06-17 09:41:17
81f90ddd-f7fc-46e0-ba11-d0f8ae3bc50d,46,Female,2023-05-18 14:17:33
90a1193f-b995-4d53-a665-d14800c3028e,63,Male,2023-06-14 12:02:20
a5742f30-ac0e-4747-900b-e8b0b8a3f4e7,23,Female,2023-06-09 15:45:03
ec95113f-aaa6-4d85-a511-8c4fb57bcf6b,52,Male,2023-07-01 08:59:07
693722bc-48a9-4e68-9bdf-ad4283026cd9,58,Male,2023-12-02 11:32:31
a14ca828-15cd-4f96-9639-6e905dc4afb3,54,Female,2023-10-11 03:28:46
4c547b68-df14-47dd-a279-d27c01efcfeb,41,Female,2023-01-22 00:54:43
bd1e19f5-ec38-4ab5-9667-3a50a5efefe0,46,Male,2023-09-19 12:12:44
15e2e6eb-2471-4eae-a8ae-de81d2ef4b54,63,Female,2023-09-11 18:38:47
f32e1d29-3044-4ba1-80b2-6390336f7372,48,Male,2023-09-08 22:49:54
1a9d9a7e-7989-4e7b-9ff1-dda05c195698,52,Female,2023-02-08 05:19:15
86f4bdf1-a3ee-428d-939a-f14fc7da577d,50,Other,2023-01-24 12:57:03
2c2bdf7a-1c87-4181-8031-ac2b55ec13f0,38,Other,2023-06-06 08:42:08
5485e3a3-4a6e-490e-bfc4-02a5d1396408,49,Other,2023-10-10 19:26:33
8c54d0f7-6094-43f8-a383-dc17063f3528,40,Other,2023-05-12 18:31:46
f74e39c2-da26-4fbb-889a-4ec0989adac3,50,Other,2023-11-07 22:03:46
a44d4e1d-f92f-4fb9-920d-bff3d2f27b2e,20,Male,2023-12-01 15:22:12
2c3dac39-04fd-40c6-9166-bb8b440bb489,35,Other,2023-02-12 10:27:40
1344138d-2757-4188-a888-26ca30a2e6c5,42,Other,2023-04-07 13:38:42
715afdda-594d-4fa8-9018-dbf78c6bbd62,59,Other,2023-03-16 09:44:56
50c30272-f80e-463e-8d41-c1eb1c416bcf,48,Other,2023-03-15 20:52:31
5b4a37ae-d5a2-4eb6-bc76-763da2e7312c,20,Female,2023-07-28 06:32:43
9347eb75-2aed-4559-a1f1-b16e5de05009,57,Male,2023-06-24 05:22:52
bd511c53-583e-4135-adf0-fe85c465d75e,63,Other,2023-02-24 10:35:37
b8b2d955-3938-4442-b3be-082345583013,41,Other,2023-06-13 20:13:18
e7fa7080-3c02-4dc2-b4a4-3d3e86adf01a,49,Other,2023-03-13 06:13:56
cc124366-a8a4-42c2-9897-11805d605d21,64,Male,2023-04-19 04:13:44
a34d6331-5b17-40a1-96f4-a7fb86d2add8,39,Female,2023-06-29 16:00:22
0ff7d768-4812-4feb-813d-e02948f32839,40,Male,2023-04-08 00:21:53
b9842684-8f74-498f-b6da-705f6b6ce5f2,19,Female,2023-12-06 14:47:59
55eab6ab-3ed6-4c87-81f8-fdf22e1fb826,44,Other,2023-12-25 13:27:32
832f901f-4acf-42dc-9707-38342ed2f803,59,Other,2023-01-30 06:38:17
143fffa3-5104-4253-9a96-a71c7f1590c4,19,Male,2023-06-22 02:16:40
f81703d5-ae90-46e6-bbcf-240c52f703fc,43,Male,2023-11-10 19:18:47
bb2576b0-4634-4eb4-ac88-fb2ec274c396,34,Female,2023-12-01 12:21:19
66c73309-c8c5-4c24-91cb-214691007aff,57,Female,2023-11-29 10:11:22
c6cda06e-1b29-4474-9dc2-3c451a132709,50,Male,2023-08-02 17:24:13
bb53be3c-9d32-4077-a79e-2e996e194a82,26,Female,2023-02-08 00:34:31
7690112d-6abf-4c99-9654-a411278be614,60,Male,2023-01-20 15:31:02
152a9883-4d91-4509-8b57-3456a6a16c69,56,Female,2023-09-11 06:25:51
e7f9ca4e-0300-40c1-a336-4372ad0f1496,46,Male,2023-07-29 22:38:41
5dcf054f-23c7-453d-b499-541fa762a3ad,59,Male,2023-11-21 16:20:30
3ec1ec13-7a53-43d3-94e2-ea02015819d3,43,Male,2023-01-06 17:33:11
ff34860a-b043-430f-819a-98788ac2b1eb,52,Female,2023-02-06 05:16:19
1b6ce4c0-cb09-4616-bab9-7d3e1cc0b63e,42,Female,2023-12-26 18:21:57
944a7134-95d0-487c-9f08-797d734932c8,41,Female,2023-10-20 15:44:22
ddc5dfaa-98e8-438a-b0c8-a84583657760,30,Male,2023-11-26 14:25:03
ee83d835-2eb4-42a2-85b1-134b58da1780,24,Female,2023-04-02 19:12:59
ab5cab34-0332-478a-b124-1f52953eaa8e,53,Female,2023-03-06 14:07:54
060e91a4-c23f-4b41-aab2-499bac5edc08,62,Male,2023-06-07 20:03:12
a1c31dc8-9e53-42b5-a6fb-42c02bb4f39e,37,Other,2023-07-08 14:30:12
a284bf34-8fa3-4cfe-a613-02bcc793e0a2,18,Male,2023-07-06 22:35:08
a0bfbb2f-7ccb-4322-95e0-08d14f5d58c9,25,Female,2023-03-25 00:16:09
82e8a5c2-4801-4c2a-b3b5-5c9aafc6a794,63,Male,2023-12-02 19:07:32
a05366df-065d-4d3c-ae63-e25dce942894,33,Other,2023-06-05 17:57:59
c0352b55-ae91-4504-be29-3f50aa933d82,31,Male,2023-12-17 11:22:37
778511b6-bfa7-489a-a3c7-e6a1b8c4ef84,29,Female,2023-01-23 18:31:17
be075704-ca82-4e18-8116-e50d9413c861,40,Other,2023-03-05 22:31:45
7e64d062-d5aa-4389-a93c-e169155d1909,32,Female,2023-05-28 04:17:07
00d4110c-9e30-4185-99c9-bed992a5460e,45,Other,2023-01-01 20:05:22
db284f4b-c650-4b80-94a7-58f8801d12f6,51,Other,2023-06-01 14:59:40
a3b62fb1-6c7a-49c6-baa4-ea7e13f6aa26,19,Male,2023-04-13 23:52:17
d9dfa0c5-5e03-4ebb-bbc7-93dd4d807957,49,Male,2023-12-26 19:46:27
2ed1040b-c62a-4108-86be-827945d70ca4,40,Female,2023-11-01 12:04:03
28e3fe87-d00e-4275-b3d0-a3df5ed43987,39,Male,2023-11-01 21:56:09
96b2f304-9d22-4fe7-817e-d52979f4fd8f,42,Male,2023-06-26 16:59:07
614d4c28-6cbd-4559-819b-5464a49ff35d,39,Other,2023-04-21 18:42:55
e1ea0331-f175-4db6-b65c-e0ede7b283be,39,Male,2023-06-14 06:42:55
f6ba630a-db9b-4043-8c28-043ea17088d6,59,Other,2023-09-28 12:42:12
9d8e2de6-7bba-4ff3-b318-6e6eab9dbc87,23,Other,2023-10-11 16:48:10
8a8d1596-c4fa-482e-b078-4cf3671fc94d,32,Other,2023-11-01 05:27:31
6883c1df-fc6e-4b1e-9f29-7f44f172cbfb,60,Female,2023-08-04 20:08:10
6facd109-0238-4b6b-add3-4909fad3e685,54,Female,2023-09-15 01:05:15
c95761b1-f1b4-43c8-9a4c-548b0106d46b,50,Female,2023-10-07 00:03:01
66379da6-b1a5-48a3-9ab7-bb81f10a1324,25,Other,2023-07-09 00:06:22
4a2bcc80-ec3a-4c00-a7a8-d646970405c3,61,Female,2023-03-02 02:48:39
e50b156c-2e48-49b3-bf82-dedb4f34bfb6,61,Female,2023-03-15 17:58:35
a8888c77-6a9e-4bc5-bc74-544ac311d401,22,Male,2023-04-26 05:31:02
28d625a4-cc95-4f32-8946-d7d0df8db4a0,56,Female,2023-03-26 13:07:09
d9a1cf92-e7e3-4d62-956a-be4f36a64781,21,Female,2023-01-23 17:06:13
08fb3602-e86a-4873-8fc4-d1fc79fc38fe,23,Other,2023-08-13 22:21:05
9e4ab51d-5166-4e7c-9a8c-b6e9b36bda61,62,Other,2023-10-13 17:34:03
579854c9-121f-4d0a-b4dd-43b4820ebe43,49,Other,2023-07-30 13:37:32
56c96f6b-0ce6-49d2-aba6-67cf72e18aa2,47,Other,2023-01-24 16:09:56
ad42a27d-2aa7-4099-96b0-cb36bff24575,64,Other,2023-10-18 11:38:15
20bbbc16-200d-4136-b606-002837d23a7f,52,Other,2023-05-02 19:00:31
a741fdeb-25cd-42f6-bbe1-89edab1069e9,57,Female,2023-01-23 04:49:08
80f4acea-1096-4c92-818b-57a11ec80e39,33,Other,2023-01-20 11:21:37
54244985-b635-491f-b495-a6ec415d03ad,30,Other,2023-08-15 20:55:47
a0e38981-8388-49f9-8ad6-cadf89cec9df,59,Male,2023-07-05 03:59:27
7ae65739-f659-460a-b085-0fbfa8f185e1,47,Female,2023-07-15 06:54:18
6435c5b5-68bf-469c-b3f1-00f288f54023,36,Female,2023-12-24 01:18:32
4ad76c5e-164c-4fb6-aa02-5bcf52b72228,34,Female,2023-11-28 03:55:31
8eb1443b-1d0b-4aed-bcd3-bcafe938ee73,36,Other,2023-07-26 06:27:15
ded963f4-2a60-40f1-a7c1-1624a3a4e543,45,Other,2023-03-03 03:22:45
6e215bc8-4b04-42dd-b5e0-7b3982765072,43,Other,2023-01-23 02:09:21
3705004b-81b9-4aeb-ab8d-3adc4f64c318,54,Male,2023-07-17 05:18:16
679bfb7c-1e13-478f-90ec-9af39258b34e,43,Other,2023-02-01 02:41:34
e929761b-1fa1-4970-8e2f-78c32abf36c7,40,Male,2023-11-27 15:05:15
456ac396-faa6-49d0-8894-18ff57c2751c,26,Female,2023-03-14 04:00:51
db3573e5-29e5-45ec-af21-5027cb15090a,29,Other,2023-01-27 14:39:54
67610666-b326-4668-b678-88f3411afa43,18,Male,2023-08-20 02:07:45
4195dd41-da4a-4397-9dbb-9d18c43873b0,18,Male,2023-01-27 09:26:28
1151929f-4e94-442f-bb6c-715d901cce33,64,Other,2023-09-20 05:26:13
358a6639-1d35-41a7-a5f1-124058ffa6ad,51,Female,2023-12-01 16:44:13
2f0fda84-725c-4d97-aef5-79498311b3ad,49,Female,2023-04-02 08:15:33
06da93b7-ae3f-4040-b354-b224f3530921,42,Female,2023-06-06 19:27:39
59b685bf-a197-4a6c-bccb-fbf4114ba24c,57,Male,2023-02-16 13:25:27
44b948ea-70b6-45a3-9c76-810a8e02ca0f,62,Male,2023-12-12 18:04:45
1661c2c5-f921-45f6-ab2f-8bbe130acb41,18,Male,2023-08-10 05:45:34
683e549f-6112-47f1-9eeb-a61bdd69cda3,33,Male,2023-04-06 14:53:36
19b9a896-8a8f-430e-be34-ea05995533bd,56,Female,2023-08-13 19:55:00
436e2524-05f1-45f4-9bb0-96934e06295b,22,Other,2023-08-19 21:19:12
1ef9422d-623d-452e-9c20-17e15ef8a00e,39,Male,2023-01-16 10:25:08
99d19213-76c8-4f3c-8614-e3de2ba8728f,46,Male,2023-08-29 13:03:14
a0b6558f-135c-47ea-b2d3-ddb44483b6c6,20,Female,2023-02-01 20:08:26
88e7820a-1057-4620-85d6-15a4b86f028e,29,Other,2023-06-12 19:27:33
080af770-13c8-405c-8e48-a48b74c24b1e,43,Other,2023-09-13 07:09:43
9b80b9c7-0033-4c80-8846-ed5294d7d775,33,Female,2023-08-15 16:13:12
3c2a86df-314a-453e-98e5-c532672c0455,54,Female,2023-08-08 12:17:48
05c8d4f9-cd2d-4467-8ed0-d2bbdebeaf0f,39,Other,2023-07-23 00:41:17
bef04ab8-dd42-48f4-855d-8b2c9c874f58,46,Male,2023-05-03 20:46:50
cae8c3ad-2588-4169-a209-36865cf10061,31,Other,2023-12-30 00:05:37
ba3d0150-6f76-48c4-b12a-00e9fdde8be2,45,Female,2023-04-12 06:30:44
f54e94d1-2ec1-4677-bd6c-3cb0b2161212,22,Male,2023-03-21 07:50:01
6099ef8c-520b-49c9-a43e-2c5311ed5c5f,64,Male,2023-09-18 02:17:54
61ef894d-a50e-4965-99fa-c2d0f3e159fa,47,Female,2023-10-06 03:23:29
5b13d5ad-bedd-4f1f-91e1-f613e1630a52,63,Female,2023-05-03 00:24:21
5fc92b2e-aaa9-4506-8285-1e7466576d26,22,Female,2023-04-03 16:42:51
1250784e-a992-40fe-b2f6-9324a1a96c36,29,Other,2023-04-14 03:42:24
1edbeb64-7af2-4604-8088-342da2b08134,33,Other,2023-06-03 16:59:29
0b2770be-77d7-49fa-9e99-d8337931a6b5,43,Male,2023-02-20 19:52:26
e6c135a3-9b74-4c5e-8716-e4f16a2b7f43,43,Female,2023-09-18 20:36:23
583b3e6d-a202-4825-8b72-9708aeb297f4,38,Male,2023-09-08 16:30:12
6f65608e-d313-4e64-9393-4d23407912aa,56,Male,2023-04-27 12:10:31
7310794c-c7e3-4fe4-a03f-efe400338576,53,Male,2023-06-27 13:38:30
12fa9dd3-cf93-422e-abcf-b9a2c045e49e,50,Male,2023-05-03 18:59:06
7ea0ed75-63bd-4891-b210-6fd5beb747ed,47,Female,2023-12-27 19:04:42
80cde956-3646-4914-9a2a-1061408729c1,54,Male,2023-10-19 23:53:05
82b2b98c-cba7-4518-a03a-16fbfc31fa79,40,Female,2023-12-30 09:40:32
5263cbfb-4b8f-4d4d-a060-949c34b397a2,27,Female,2023-01-29 04:09:03
53c4e27e-1b4d-4d80-9576-70cb273700cb,22,Other,2023-01-04 14:49:34
05bf6475-79d8-42f7-8c47-59aca1697094,53,Female,2023-06-27 23:31:50
77ae0c65-76e7-4c2c-8469-81e86acb7400,51,Other,2023-08-30 05:37:25
30b0e1dc-7e2f-41bd-8202-16b85a3e92e6,48,Female,2023-08-07 15:28:51
9148bb4e-1832-448a-89a7-8b2bc5d4a562,27,Female,2023-02-08 19:53:34
bbf1a708-a732-4974-a5c3-782b054bcea8,36,Female,2023-01-29 10:50:21
5c9cdfa3-ca7e-495a-9937-9cab9da6d2e3,49,Other,2023-07-28 19:06:57
433126ec-002d-4739-84c6-4af51edace22,18,Other,2023-03-24 18:44:31
0ec180d5-76ef-4e3f-9e14-ebbadf3fb573,22,Male,2023-07-16 11:11:13
26c96521-7897-40da-a8db-aebd3199412c,62,Other,2023-04-13 23:50:49
f4d2a038-9634-4be3-b9bc-4dd30fe96826,21,Other,2023-02-21 10:35:04
fad47005-0341-4c19-a6c8-f531c89c53aa,33,Other,2023-12-29 10:36:28
a9e5b16c-fd3c-47e4-8aeb-896cd92c54a8,41,Other,2023-05-16 12:59:53
7f14fe4c-0247-434e-adad-5d652e970fe3,33,Male,2023-12-09 02:14:57
101b10da-b308-46bc-a7f6-ade81e7cc51d,19,Other,2023-01-27 17:10:53
59ddf77b-bbaa-485a-a8ab-fc9583ebaf1e,45,Female,2023-12-08 11:23:33
85ea32c1-31b5-44e6-8f37-f27f00fef5ea,49,Female,2023-04-05 20:53:44
6c9fe980-bfbd-4ba6-b797-c581d183131b,44,Other,2023-05-24 12:14:31
d44823a3-82a9-48ac-84d2-5966a7b7d4f5,37,Other,2023-04-21 16:16:30
275538f6-6f8f-458f-9b6a-d14c1af3ec94,41,Female,2023-03-03 06:18:25
656fd532-8de2-4f7a-9dec-60fcd321e8c1,29,Female,2023-06-20 04:10:34
6fbc052e-ba42-40f4-b33c-1f5036b12ca0,52,Male,2023-11-20 19:03:58
e7b85bd4-df4b-40be-91f2-4849e15014bd,50,Female,2023-07-30 23:09:30
